economic_loss,total_affected,duration,deaths,injured,houses_destroyed,economic_loss_infrastructure,houses_damaged,directly_affected,indirectly_affected
,,1,,,,,,,
,,1,,,,,,,
,,1,,,,,,,
,,1,,,,,,,
,,1,,,,,,,
,,1,,,,,,,
,,1,,,,,,,
,,1,,,,,,,
,,1,,,,,,,
,,1,,,,,,,
,,1,,,,,,,
,,1,,,,,,,
,,1,,,,,,,
,,1,,,,,,,
,,1,,,,,,,
,,1,,,,,,,
,,1,,,,,,,
,,1,,,,,,,
,,1,,,,,,,
,,1,,,,,,,
,,1,,,,,,,
,,1,,,,,,,
,,1,,,,,,,
,,1,,,,,,,
,,1,,,,,,,
,,1,,,,,,,
,,1,,,,,,,
,,1,,,,,,,
,,1,,,,,,,
,,1,,,,,,,
,,1,,,,,,,
,,1,,,,,,,
,,1,,,,,,,
,,1,,,,,,,
,,1,,,,,,,
,,1,,,,,,,
,,1,,,,,,,
,,1,,,,,,,
,,1,,,,,,,
,,1,,,,,,,
,,1,,,,,,,
,,1,,,,,,,
,,1,,,,,,,
,,1,,,,,,,
,,1,,,,,,,
,,1,,,,,,,
,,1,,,,,,,
,,1,,,,,,,
,,1,,,,,,,
,,1,,,,,,,
,,1,,,,,,,
,,1,,,,,,,
,,1,,,,,,,
,,1,,,,,,,
,,1,,,,,,,
,,1,,,,,,,
,,1,,,,,,,
,,1,,,,,,,
,,1,,,,,,,
,,1,,,,,,,
,,1,,,,,,,
,,1,,,,,,,
,,1,,,,,,,
,,1,,,,,,,
,,1,,,,,,,
,,1,,,,,,,
,,1,,,,,,,
,,1,,,,,,,
,,1,,,,,,,
,,1,,,,,,,
,,1,,,,,,,
,,1,,,,,,,
,,1,,,,,,,
,,1,,,,,,,
,,1,,,,,,,
,,1,,,,,,,
,,1,,,,,,,
,,1,,,,,,,
,,1,,,,,,,
,,1,,,,,,,
,,1,,,,,,,
,,1,,,,,,,
,,1,,,,,,,
,,1,,,,,,,
,,1,,,,,,,
,,1,,,,,,,
,,1,,,,,,,
,,1,,,,,,,
,,1,,,,,,,
,,1,,,,,,,
,,1,,,,,,,
,,1,,,,,,,
,,1,,,,,,,
,,1,,,,,,,
,,1,,,,,,,
,,1,,,,,,,
,,1,,,,,,,
,,1,,,,,,,
,,1,,,,,,,
,,1,,,,,,,
,,1,,,,,,,
,,1,,,,,,,
,,1,,,,,,,
,,1,,,,,,,
,,1,,,,,,,
,,1,,,,,,,
,,1,,,,,,,
,,1,,,,,,,
,,1,,,,,,,
,,1,,,,,,,
,,1,,,,,,,
,,1,,,,,,,
,,1,,,,,,,
,,1,,,,,,,
,,1,,,,,,,
,,1,,,,,,,
,,1,,,,,,,
,,1,,,,,,,
,,1,,,,,,,
,,1,,,,,,,
,,1,,,,,,,
,,1,,,,,,,
,,1,,,,,,,
,,1,,,,,,,
,,1,,,,,,,
,,1,,,,,,,
,,1,,,,,,,
,,1,,,,,,,
,,1,,,,,,,
,,1,,,,,,,
,,1,,,,,,,
,,1,,,,,,,
,,1,,,,,,,
,,1,,,,,,,
,,1,,,,,,,
,,1,,,,,,,
,,1,,,,,,,
,,1,,,,,,,
,,1,,,,,,,
,,1,,,,,,,
,,1,,,,,,,
,,1,,,,,,,
,,1,,,,,,,
,,1,,,,,,,
,,1,,,,,,,
,,1,,,,,,,
,,1,,,,,,,
,,1,,,,,,,
,,1,,,,,,,
,,1,,,,,,,
,,1,,,,,,,
,,1,,,,,,,
,,1,,,,,,,
,,1,,,,,,,
,,1,,,,,,,
,,1,,,,,,,
,,1,,,,,,,
,,1,,,,,,,
,,1,,,,,,,
,,1,,,,,,,
,,1,,,,,,,
,,1,,,,,,,
,,1,,,,,,,
,,1,,,,,,,
,,1,,,,,,,
,,1,,,,,,,
,,1,,,,,,,
,,1,,,,,,,
,,1,,,,,,,
,,1,,,,,,,
,,1,,,,,,,
,,1,,,,,,,
,,1,,,,,,,
,,1,,,,,,,
,,1,,,,,,,
,,1,,,,,,,
,,1,,,,,,,
,,1,,,,,,,
,,1,,,,,,,
,,1,,,,,,,
,,1,,,,,,,
,,1,,,,,,,
,,1,,,,,,,
,,1,,,,,,,
,,1,,,,,,,
,,1,,,,,,,
,,1,,,,,,,
,,1,,,,,,,
,,1,,,,,,,
,,1,,,,,,,
,,1,,,,,,,
,,1,,,,,,,
,,1,,,,,,,
,,1,,,,,,,
,,1,,,,,,,
,,1,,,,,,,
,,1,,,,,,,
,,1,,,,,,,
,,1,,,,,,,
,,1,,,,,,,
,,1,,,,,,,
,,1,,,,,,,
,,1,,,,,,,
,,1,,,,,,,
,,1,,,,,,,
,,1,,,,,,,
,,1,,,,,,,
,,1,,,,,,,
,,1,,,,,,,
,,1,,,,,,,
,,1,,,,,,,
,,1,,,,,,,
,,1,,,,,,,
,,1,,,,,,,
,,1,,,,,,,
,,1,,,,,,,
,,1,,,,,,,
,,1,,,,,,,
,,1,,,,,,,
,,31,,,,,,,
,,2,,,,,,,
,,2,,,,,,,
,,2,,,,,,,
,,2,,,,,,,
,,22,,,,,,,
,,2,,,,,,,
,,2,1,,,,,,
,,2,1,,,,,,
,,1,1,,,,,,
,,1,1,,,,,,
,,1,1,,,,,,
,,1,1,,,,,,
,,1,1,,,,,,
,,1,1,,,,,,
,,1,1,,,,,,
,,1,1,,,,,,
,,1,1,,,,,,
,,1,1,,,,,,
,,1,1,,,,,,
,,1,1,,,,,,
,,1,1,,,,,,
,,1,1,,,,,,
,,1,1,,,,,,
,,1,1,,,,,,
,,1,1,,,,,,
,,1,1,,,,,,
,,1,1,,,,,,
,,1,1,,,,,,
,,1,1,,,,,,
,,1,1,,,,,,
,,1,1,,,,,,
,,1,1,,,,,,
,,1,1,,,,,,
,,1,1,,,,,,
,,1,1,,,,,,
,,1,1,,,,,,
,,1,1,,,,,,
,,1,1,,,,,,
,,1,1,,,,,,
,,1,1,,,,,,
,,1,1,,,,,,
,,1,1,,,,,,
,,1,1,,,,,,
,,1,1,,,,,,
,,1,1,,,,,,
,,1,1,,,,,,
,,1,1,,,,,,
,,1,1,,,,,,
,,1,1,,,,,,
,,1,1,,,,,,
,,1,1,,,,,,
,,1,1,,,,,,
,,1,1,,,,,,
,,1,1,,,,,,
,,1,1,,,,,,
,,1,1,,,,,,
,,1,1,,,,,,
,,1,1,,,,,,
,,1,1,,,,,,
,,1,1,,,,,,
,,1,1,,,,,,
,,1,1,,,,,,
,,1,1,,,,,,
,,1,1,,,,,,
,,1,1,,,,,,
,,1,1,,,,,,
,,1,1,,,,,,
,,1,1,,,,,,
,,1,1,,,,,,
,,1,1,,,,,,
,,1,1,,,,,,
,,1,1,,,,,,
,,1,1,,,,,,
,,1,1,,,,,,
,,1,1,,,,,,
,,1,1,,,,,,
,,1,1,,,,,,
,,1,1,,,,,,
,,1,1,,,,,,
,,1,1,,,,,,
,,1,1,,,,,,
,,1,1,,,,,,
,,1,1,,,,,,
,,1,1,,,,,,
,,1,1,,,,,,
,,1,1,,,,,,
,,1,1,,,,,,
,,1,1,,,,,,
,,1,1,,,,,,
,,1,1,,,,,,
,,1,1,,,,,,
,,1,1,,,,,,
,,1,1,,,,,,
,,1,1,,,,,,
,,1,1,,,,,,
,,1,1,,,,,,
,,1,1,,,,,,
,,1,1,,,,,,
,,1,1,,,,,,
,,1,1,,,,,,
,,1,1,,,,,,
,,1,1,,,,,,
,,1,1,,,,,,
,,1,1,,,,,,
,,1,1,,,,,,
,,1,1,,,,,,
,,1,1,,,,,,
,,1,1,,,,,,
,,1,1,,,,,,
,,1,1,,,,,,
,,1,1,,,,,,
,,1,1,,,,,,
,,1,1,,,,,,
,,1,1,,,,,,
,,1,1,,,,,,
,,1,1,,,,,,
,,1,1,,,,,,
,,1,1,,,,,,
,,1,1,,,,,,
,,1,1,,,,,,
,,1,1,,,,,,
,,1,1,,,,,,
,,1,1,,,,,,
,,1,1,,,,,,
,,1,1,,,,,,
,,1,1,,,,,,
,,1,1,,,,,,
,,1,1,,,,,,
,,1,1,,,,,,
,,1,1,,,,,,
,,1,1,,,,,,
,,1,1,,,,,,
,,1,1,,,,,,
,,1,1,,,,,,
,,1,1,,,,,,
,,1,1,,,,,,
,,1,1,,,,,,
,,1,1,,,,,,
,,1,1,,,,,,
,,1,1,,,,,,
,,1,1,,,,,,
,,1,1,,,,,,
,,1,1,,,,,,
,,1,1,,,,,,
,,1,1,,,,,,
,,1,1,,,,,,
,,1,1,,,,,,
,,1,1,,,,,,
,,1,1,,,,,,
,,1,1,,,,,,
,,1,1,,,,,,
,,1,1,,,,,,
,,1,1,,,,,,
,,1,1,,,,,,
,,1,1,,,,,,
,,1,1,,,,,,
,,1,1,,,,,,
,,1,1,,,,,,
,,1,1,,,,,,
,,1,1,,,,,,
,,1,1,,,,,,
,,1,1,,,,,,
,,1,1,,,,,,
,,1,1,,,,,,
,,1,1,,,,,,
,,1,1,,,,,,
,,1,1,,,,,,
,,1,1,,,,,,
,,1,1,,,,,,
,,1,1,,,,,,
,,1,1,,,,,,
,,1,1,,,,,,
,,1,1,,,,,,
,,1,1,,,,,,
,,1,1,,,,,,
,,1,1,,,,,,
,,1,1,,,,,,
,,1,1,,,,,,
,,1,1,,,,,,
,,1,1,,,,,,
,,1,1,,,,,,
,,1,1,,,,,,
,,1,1,,,,,,
,,1,1,,,,,,
,,1,1,,,,,,
,,1,1,,,,,,
,,1,1,,,,,,
,,1,1,,,,,,
,,1,1,,,,,,
,,1,1,,,,,,
,,1,1,,,,,,
,,1,1,,,,,,
,,1,1,,,,,,
,,1,1,,,,,,
,,1,1,,,,,,
,,1,1,,,,,,
,,1,1,,,,,,
,,1,1,,,,,,
,,1,1,,,,,,
,,1,1,,,,,,
,,1,1,,,,,,
,,1,1,,,,,,
,,1,1,,,,,,
,,1,1,,,,,,
,,1,1,,,,,,
,,1,1,,,,,,
,,1,1,,,,,,
,,1,1,,,,,,
,,1,1,,,,,,
,,1,1,,,,,,
,,1,1,,,,,,
,,1,1,,,,,,
,,1,1,,,,,,
,,1,1,,,,,,
,,1,1,,,,,,
,,1,1,,,,,,
,,1,1,,,,,,
,,1,1,,,,,,
,,1,1,,,,,,
,,1,1,,,,,,
,,1,1,,,,,,
,,1,1,,,,,,
,,1,1,,,,,,
,,1,1,,,,,,
,,1,1,,,,,,
,,1,1,,,,,,
,,1,1,,,,,,
,,1,1,,,,,,
,,1,1,,,,,,
,,1,1,,,,,,
,,1,1,,,,,,
,,1,1,,,,,,
,,1,1,,,,,,
,,1,1,,,,,,
,,1,1,,,,,,
,,1,1,,,,,,
,,1,1,,,,,,
,,1,1,,,,,,
,,1,1,,,,,,
,,1,1,,,,,,
,,1,1,,,,,,
,,1,1,,,,,,
,,1,1,,,,,,
,,1,1,,,,,,
,,1,1,,,,,,
,,1,1,,,,,,
,,1,1,,,,,,
,,1,1,,,,,,
,,1,1,,,,,,
,,1,1,,,,,,
,,1,1,,,,,,
,,1,1,,,,,,
,,1,1,,,,,,
,,1,1,,,,,,
,,1,1,,,,,,
,,1,1,,,,,,
,,1,1,,,,,,
,,1,1,,,,,,
,,1,1,,,,,,
,,1,1,,,,,,
,,1,1,,,,,,
,,1,1,,,,,,
,,1,1,,,,,,
,,1,1,,,,,,
,,1,1,,,,,,
,,1,1,,,,,,
,,1,1,,,,,,
,,1,1,,,,,,
,,1,1,,,,,,
,,1,1,,,,,,
,,1,1,,,,,,
,,1,1,,,,,,
,,1,1,,,,,,
,,1,1,,,,,,
,,1,1,,,,,,
,,1,1,,,,,,
,,1,1,,,,,,
,,1,1,,,,,,
,,1,1,,,,,,
,,1,1,,,,,,
,,1,1,,,,,,
,,1,1,,,,,,
,,1,1,,,,,,
,,1,1,,,,,,
,,1,1,,,,,,
,,1,1,,,,,,
,,1,1,,,,,,
,,1,1,,,,,,
,,1,1,,,,,,
,,1,1,,,,,,
,,1,1,,,,,,
,,1,1,,,,,,
,,1,1,,,,,,
,,1,1,,,,,,
,,1,1,,,,,,
,,1,1,,,,,,
,,1,1,,,,,,
,,1,1,,,,,,
,,1,1,,,,,,
,,1,1,,,,,,
,,1,1,,,,,,
,,1,1,,,,,,
,,1,1,,,,,,
,,1,1,,,,,,
,,1,1,,,,,,
,,1,1,,,,,,
,,1,1,,,,,,
,,1,1,,,,,,
,,1,1,,,,,,
,,1,1,,,,,,
,,1,1,,,,,,
,,1,1,,,,,,
,,1,1,,,,,,
,,1,1,,,,,,
,,1,1,,,,,,
,,1,1,,,,,,
,,1,1,,,,,,
,,1,1,,,,,,
,,1,1,,,,,,
,,1,1,,,,,,
,,1,1,,,,,,
,,1,1,,,,,,
,,1,1,,,,,,
,,1,1,,,,,,
,,1,1,,,,,,
,,1,1,,,,,,
,,1,1,,,,,,
,,1,1,,,,,,
,,1,1,,,,,,
,,1,1,,,,,,
,,1,1,,,,,,
,,1,1,,,,,,
,,1,1,,,,,,
,,1,1,,,,,,
,,1,1,,,,,,
,,1,1,,,,,,
,,1,1,,,,,,
,,1,1,,,,,,
,,1,1,,,,,,
,,1,1,,,,,,
,,1,1,,,,,,
,,1,1,,,,,,
,,1,1,,,,,,
,,1,1,,,,,,
,,1,1,,,,,,
,,1,1,,,,,,
,,1,1,,,,,,
,,1,1,,,,,,
,,1,1,,,,,,
,,1,1,,,,,,
,,1,1,,,,,,
,,1,1,,,,,,
,,1,1,,,,,,
,,1,1,,,,,,
,,1,1,,,,,,
,,1,1,,,,,,
,,1,1,,,,,,
,,1,1,,,,,,
,,1,1,,,,,,
,,1,1,,,,,,
,,1,1,,,,,,
,,1,1,,,,,,
,,1,1,,,,,,
,,1,1,,,,,,
,,1,1,,,,,,
,,1,1,,,,,,
,,1,1,,,,,,
,,1,1,,,,,,
,,1,1,,,,,,
,,1,1,,,,,,
,,1,1,,,,,,
,,1,1,,,,,,
,,1,1,,,,,,
,,1,1,,,,,,
,,1,1,,,,,,
,,1,1,,,,,,
,,1,1,,,,,,
,,1,1,,,,,,
,,1,1,,,,,,
,,1,1,,,,,,
,,1,1,,,,,,
,,1,1,,,,,,
,,1,1,,,,,,
,,1,1,,,,,,
,,1,1,,,,,,
,,1,1,,,,,,
,,1,1,,,,,,
,,1,1,,,,,,
,,1,1,,,,,,
,,1,1,,,,,,
,,1,1,,,,,,
,,1,1,,,,,,
,,1,1,,,,,,
,,1,1,,,,,,
,,1,1,,,,,,
,,1,1,,,,,,
,,1,1,,,,,,
,,1,1,,,,,,
,,1,1,,,,,,
,,1,1,,,,,,
,,1,1,,,,,,
,,1,1,,,,,,
,,1,1,,,,,,
,,1,1,,,,,,
,,1,1,,,,,,
,,1,1,,,,,,
,,1,1,,,,,,
,,1,1,,,,,,
,,1,1,,,,,,
,,1,1,,,,,,
,,1,1,,,,,,
,,1,1,,,,,,
,,1,1,,,,,,
,,1,1,,,,,,
,,1,1,,,,,,
,,1,1,,,,,,
,,1,1,,,,,,
,,1,1,,,,,,
,,1,1,,,,,,
,,1,1,,,,,,
,,1,1,,,,,,
,,1,1,,,,,,
,,1,1,,,,,,
,,1,2,,,,,,
,,1,2,,,,,,
,,1,2,,,,,,
,,1,2,,,,,,
,,1,2,,,,,,
,,1,2,,,,,,
,,1,2,,,,,,
,,1,2,,,,,,
,,1,2,,,,,,
,,1,2,,,,,,
,,1,2,,,,,,
,,1,2,,,,,,
,,1,2,,,,,,
,,1,2,,,,,,
,,1,2,,,,,,
,,1,2,,,,,,
,,1,2,,,,,,
,,1,2,,,,,,
,,1,2,,,,,,
,,1,2,,,,,,
,,1,2,,,,,,
,,1,2,,,,,,
,,1,2,,,,,,
,,1,2,,,,,,
,,1,2,,,,,,
,,1,2,,,,,,
,,1,2,,,,,,
,,1,2,,,,,,
,,1,2,,,,,,
,,1,2,,,,,,
,,1,2,,,,,,
,,1,2,,,,,,
,,1,2,,,,,,
,,1,2,,,,,,
,,1,2,,,,,,
,,1,2,,,,,,
,,1,2,,,,,,
,,1,2,,,,,,
,,1,2,,,,,,
,,1,2,,,,,,
,,1,2,,,,,,
,,1,2,,,,,,
,,1,2,,,,,,
,,1,2,,,,,,
,,1,2,,,,,,
,,1,2,,,,,,
,,1,2,,,,,,
,,1,2,,,,,,
,,1,2,,,,,,
,,1,2,,,,,,
,,1,2,,,,,,
,,1,2,,,,,,
,,1,2,,,,,,
,,1,2,,,,,,
,,1,2,,,,,,
,,1,2,,,,,,
,,1,2,,,,,,
,,1,2,,,,,,
,,1,2,,,,,,
,,1,2,,,,,,
,,1,2,,,,,,
,,1,2,,,,,,
,,1,2,,,,,,
,,1,2,,,,,,
,,1,2,,,,,,
,,1,2,,,,,,
,,1,2,,,,,,
,,1,2,,,,,,
,,1,2,,,,,,
,,1,2,,,,,,
,,1,2,,,,,,
,,1,2,,,,,,
,,1,2,,,,,,
,,1,2,,,,,,
,,1,2,,,,,,
,,1,2,,,,,,
,,1,2,,,,,,
,,1,2,,,,,,
,,1,2,,,,,,
,,1,2,,,,,,
,,1,2,,,,,,
,,1,2,,,,,,
,,1,2,,,,,,
,,1,2,,,,,,
,,1,2,,,,,,
,,1,2,,,,,,
,,1,2,,,,,,
,,1,2,,,,,,
,,1,2,,,,,,
,,1,2,,,,,,
,,1,2,,,,,,
,,1,2,,,,,,
,,1,2,,,,,,
,,1,2,,,,,,
,,1,2,,,,,,
,,1,2,,,,,,
,,1,2,,,,,,
,,1,2,,,,,,
,,1,2,,,,,,
,,1,2,,,,,,
,,1,2,,,,,,
,,1,2,,,,,,
,,1,2,,,,,,
,,1,2,,,,,,
,,1,2,,,,,,
,,1,2,,,,,,
,,1,2,,,,,,
,,1,2,,,,,,
,,1,2,,,,,,
,,1,2,,,,,,
,,1,2,,,,,,
,,1,2,,,,,,
,,1,2,,,,,,
,,1,2,,,,,,
,,1,3,,,,,,
,,1,3,,,,,,
,,1,3,,,,,,
,,1,3,,,,,,
,,1,3,,,,,,
,,1,3,,,,,,
,,1,3,,,,,,
,,1,3,,,,,,
,,1,3,,,,,,
,,1,3,,,,,,
,,1,3,,,,,,
,,1,3,,,,,,
,,1,3,,,,,,
,,1,3,,,,,,
,,1,3,,,,,,
,,1,3,,,,,,
,,1,3,,,,,,
,,1,3,,,,,,
,,1,3,,,,,,
,,1,3,,,,,,
,,1,3,,,,,,
,,1,3,,,,,,
,,1,3,,,,,,
,,1,3,,,,,,
,,1,3,,,,,,
,,1,3,,,,,,
,,1,3,,,,,,
,,1,3,,,,,,
,,1,3,,,,,,
,,1,3,,,,,,
,,1,3,,,,,,
,,1,3,,,,,,
,,1,3,,,,,,
,,1,3,,,,,,
,,1,3,,,,,,
,,1,3,,,,,,
,,1,3,,,,,,
,,1,3,,,,,,
,,1,3,,,,,,
,,1,3,,,,,,
,,1,3,,,,,,
,,1,3,,,,,,
,,1,3,,,,,,
,,1,3,,,,,,
,,1,3,,,,,,
,,1,4,,,,,,
,,1,13,,,,,,
,,1,13,,,,,,
,,1,4,,,,,,
,,1,21,,,,,,
,,1,32,,,,,,
,,1,4,,,,,,
,,1,12,,,,,,
,,1,4,,,,,,
,,1,4,,,,,,
,,1,4,,,,,,
,,1,6,,,,,,
,,1,4,,,,,,
,,1,4,,,,,,
,,1,8,,,,,,
,,1,4,,,,,,
,,1,4,,,,,,
,,1,6,,,,,,
,,1,4,,,,,,
,,1,4,,,,,,
,,1,9,,,,,,
,,1,4,,,,,,
,,1,5,,,,,,
,,1,11,,,,,,
,,1,5,,,,,,
,,1,4,,,,,,
,,1,4,,,,,,
,,1,5,,,,,,
,,1,4,,,,,,
,,1,29,,,,,,
,,1,4,,,,,,
,,1,4,,,,,,
,,1,5,,,,,,
,,1,4,,,,,,
,,1,4,,,,,,
,,1,18,,,,,,
,,1,8,,,,,,
,,1,116,,,,,,
,,1,41,,,,,,
,,1,9,,,,,,
,,1,5,,,,,,
,,1,4,,,,,,
,,1,4,,,,,,
,,1,11,,,,,,
,,1,4,,,,,,
,,1,6,,,,,,
,,1,34,,,,,,
,,1,7,,,,,,
,,1,22,,,,,,
,,1,33,,,,,,
,,1,21,,,,,,
,,1,4,,,,,,
,,2,2,,,,,,
,,6,1,1,,,,,
,,1,13,17,,,,,
,,1,13,1,,,,,
,,1,3,4,,,,,
,,1,3,9,,,,,
,,1,3,3,,,,,
,,1,7,4,,,,,
,,1,3,8,,,,,
,,1,3,7,,,,,
,,1,4,14,,,,,
,,1,3,22,,,,,
,,1,4,2,,,,,
,,1,8,6,,,,,
,,1,10,22,,,,,
,,1,8,26,,,,,
,,1,5,9,,,,,
,,1,3,8,,,,,
,,1,6,8,,,,,
,,1,4,4,,,,,
,,1,3,1,,,,,
,,1,3,25,,,,,
,,1,3,2,,,,,
,,1,4,1,,,,,
,,1,3,6,,,,,
,,1,3,2,,,,,
,,1,4,1,,,,,
,,1,4,34,,,,,
,,1,6,11,,,,,
,,1,7,12,,,,,
,,1,4,13,,,,,
,,1,4,1,,,,,
,,1,8,4,,,,,
,,1,4,2,,,,,
,,1,3,2,,,,,
,,1,3,1,,,,,
,,1,6,42,,,,,
,,1,4,31,,,,,
,,1,5,1,,,,,
,,1,6,5,,,,,
,,1,3,1,,,,,
,,1,3,20,,,,,
,,1,4,3,,,,,
,,1,3,6,,,,,
,,1,3,2,,,,,
,,1,3,10,,,,,
,,1,3,1,,,,,
,,1,3,14,,,,,
,,1,4,4,,,,,
,,1,4,12,,,,,
,,1,3,1,,,,,
,,1,6,9,,,,,
,,1,5,6,,,,,
,,1,8,36,,,,,
,,1,3,2,,,,,
,,1,3,5,,,,,
,,1,4,7,,,,,
,,1,3,2,,,,,
,,1,4,3,,,,,
,,1,3,35,,,,,
,,1,3,38,,,,,
,,1,14,33,,,,,
,,1,10,66,,,,,
,,1,3,1,,,,,
,,1,8,21,,,,,
,,1,4,20,,,,,
,,1,3,6,,,,,
,,1,4,1,,,,,
,,1,3,5,,,,,
,,1,2,1,,,,,
,,1,2,10,,,,,
,,1,2,1,,,,,
,,1,2,9,,,,,
,,1,2,7,,,,,
,,1,2,5,,,,,
,,1,2,43,,,,,
,,1,2,9,,,,,
,,1,2,1,,,,,
,,1,2,12,,,,,
,,1,2,16,,,,,
,,1,2,3,,,,,
,,1,2,1,,,,,
,,1,2,7,,,,,
,,1,2,35,,,,,
,,1,2,55,,,,,
,,1,2,7,,,,,
,,1,2,1,,,,,
,,1,2,1,,,,,
,,1,2,2,,,,,
,,1,2,7,,,,,
,,1,2,1,,,,,
,,1,2,2,,,,,
,,1,2,1,,,,,
,,1,2,2,,,,,
,,1,2,2,,,,,
,,1,2,4,,,,,
,,1,2,14,,,,,
,,1,2,1,,,,,
,,1,2,48,,,,,
,,1,2,1,,,,,
,,1,2,1,,,,,
,,1,2,12,,,,,
,,1,2,1,,,,,
,,1,2,7,,,,,
,,1,1,1,,,,,
,,1,1,1,,,,,
,,1,1,2,,,,,
,,1,1,2,,,,,
,,1,1,1,,,,,
,,1,1,13,,,,,
,,1,1,2,,,,,
,,1,1,2,,,,,
,,1,1,3,,,,,
,,1,1,6,,,,,
,,1,1,3,,,,,
,,1,1,1,,,,,
,,1,1,3,,,,,
,,1,1,2,,,,,
,,1,1,3,,,,,
,,1,1,1,,,,,
,,1,1,4,,,,,
,,1,1,5,,,,,
,,1,1,9,,,,,
,,1,1,7,,,,,
,,1,1,5,,,,,
,,1,1,2,,,,,
,,1,1,4,,,,,
,,1,1,4,,,,,
,,1,1,1,,,,,
,,1,1,20,,,,,
,,1,1,13,,,,,
,,1,1,2,,,,,
,,1,1,5,,,,,
,,1,1,2,,,,,
,,1,1,50,,,,,
,,1,1,32,,,,,
,,1,1,3,,,,,
,,1,1,2,,,,,
,,1,1,6,,,,,
,,1,1,1,,,,,
,,1,1,6,,,,,
,,1,1,1,,,,,
,,1,1,16,,,,,
,,1,1,1,,,,,
,,1,1,22,,,,,
,,1,1,1,,,,,
,,1,1,1,,,,,
,,1,1,1,,,,,
,,1,1,20,,,,,
,,1,1,2,,,,,
,,1,1,1,,,,,
,,1,1,1,,,,,
,,1,1,2,,,,,
,,1,1,2,,,,,
,,1,1,1,,,,,
,,1,1,1,,,,,
,,1,1,2,,,,,
,,1,1,1,,,,,
,,1,1,2,,,,,
,,1,1,1,,,,,
,,1,1,4,,,,,
,,1,1,5,,,,,
,,1,1,1,,,,,
,,1,1,6,,,,,
,,1,1,1,,,,,
,,1,1,1,,,,,
,,1,1,36,,,,,
,,1,1,4,,,,,
,,1,1,2,,,,,
,,1,1,1,,,,,
,,1,1,1,,,,,
,,1,1,4,,,,,
,,1,1,3,,,,,
,,1,1,1,,,,,
,,1,1,3,,,,,
,,1,1,2,,,,,
,,1,1,17,,,,,
,,1,1,2,,,,,
,,1,1,5,,,,,
,,1,,4,,,,,
,,1,,3,,,,,
,,1,,3,,,,,
,,1,,9,,,,,
,,1,,2,,,,,
,,1,,5,,,,,
,,1,,2,,,,,
,,1,,3,,,,,
,,1,,5,,,,,
,,1,,2,,,,,
,,1,,4,,,,,
,,1,,5,,,,,
,,1,,7,,,,,
,,1,,9,,,,,
,,1,,5,,,,,
,,1,,2,,,,,
,,1,,6,,,,,
,,1,,2,,,,,
,,1,,3,,,,,
,,1,,10,,,,,
,,1,,3,,,,,
,,1,,5,,,,,
,,1,,2,,,,,
,,1,,4,,,,,
,,1,,2,,,,,
,,1,,4,,,,,
,,1,,2,,,,,
,,1,,2,,,,,
,,1,,2,,,,,
,,1,,19,,,,,
,,1,,12,,,,,
,,1,,6,,,,,
,,1,,50,,,,,
,,1,,16,,,,,
,,1,,5,,,,,
,,1,,3,,,,,
,,1,,11,,,,,
,,1,,21,,,,,
,,1,,2,,,,,
,,1,,2,,,,,
,,1,,4,,,,,
,,1,,6,,,,,
,,1,,25,,,,,
,,1,,18,,,,,
,,1,,15,,,,,
,,1,,18,,,,,
,,1,,20,,,,,
,,1,,3,,,,,
,,1,,2,,,,,
,,1,,7,,,,,
,,1,,10,,,,,
,,1,,1,,,,,
,,1,,1,,,,,
,,1,,1,,,,,
,,1,,1,,,,,
,,1,,1,,,,,
,,1,,1,,,,,
,,1,,1,,,,,
,,1,,1,,,,,
,,1,,1,,,,,
,,1,,1,,,,,
,,1,,1,,,,,
,,1,,1,,,,,
,,1,,1,,,,,
,,1,,1,,,,,
,,1,,1,,,,,
,,1,,1,,,,,
,,1,,1,,,,,
,,1,,1,,,,,
,,1,,1,,,,,
,,1,,1,,,,,
,,1,,1,,,,,
,,1,,1,,,,,
,,1,,1,,,,,
,,1,,1,,,,,
,,1,,1,,,,,
,,1,,1,,,,,
,,1,,1,,,,,
,,1,,1,,,,,
,,1,,1,,,,,
,,1,,1,,,,,
,,1,,1,,,,,
,,1,,1,,,,,
,,1,,1,,,,,
,,1,,1,,,,,
,,1,,1,,,,,
,,1,1,,,,,,1
,,1,1,,,,,,1
,,1,1,,,,,,1
,,1,1,,,,,,1
,,1,1,,,,,,1
,,1,1,,,,,,1
,,2,1,,,,,,1
,,2,1,,,,,,1
,,2,1,,,,,,1
,,2,1,,,,,,1
,,2,1,,,,,,1
,,2,1,,,,,,1
,,2,1,,,,,,1
,,2,1,,,,,,1
,,2,1,,,,,,1
,,2,1,,,,,,1
,,2,1,,,,,,1
,,2,1,,,,,,1
,,2,1,,,,,,1
,,2,1,,,,,,1
,,2,1,,,,,,1
,,2,1,,,,,,1
,,2,1,,,,,,1
,,2,1,,,,,,1
,,2,1,,,,,,1
,,2,1,,,,,,1
,,2,1,,,,,,1
,,2,1,,,,,,1
,,2,1,,,,,,1
,,2,1,,,,,,1
,,2,1,,,,,,1
,,2,1,,,,,,1
,,2,1,,,,,,1
,,2,1,,,,,,1
,,2,1,,,,,,1
,,2,1,,,,,,1
,,2,1,,,,,,1
,,2,1,,,,,,1
,,2,1,,,,,,1
,,2,1,,,,,,1
,,2,1,,,,,,1
,,2,1,,,,,,1
,,2,1,,,,,,1
,,2,1,,,,,,1
,,2,1,,,,,,1
,,2,1,,,,,,1
,,2,1,,,,,,1
,,2,1,,,,,,1
,,2,1,,,,,,1
,,2,1,,,,,,1
,,2,1,,,,,,1
,,2,1,,,,,,1
,,2,1,,,,,,1
,,2,1,,,,,,1
,,2,1,,,,,,1
,,2,1,,,,,,1
,,2,1,,,,,,1
,,2,1,,,,,,1
,,2,1,,,,,,1
,,2,1,,,,,,1
,,2,1,,,,,,1
,,2,1,,,,,,1
,,2,1,,,,,,1
,,2,1,,,,,,1
,,2,1,,,,,,1
,,2,1,,,,,,1
,,2,1,,,,,,1
,,2,1,,,,,,1
,,2,1,,,,,,1
,,2,1,,,,,,1
,,2,1,,,,,,1
,,2,1,,,,,,1
,,2,1,,,,,,1
,,2,1,,,,,,1
,,2,1,,,,,,1
,,2,1,,,,,,1
,,2,1,,,,,,1
,,2,1,,,,,,1
,,2,1,,,,,,1
,,2,1,,,,,,1
,,2,1,,,,,,1
,,2,1,,,,,,1
,,2,1,,,,,,1
,,2,1,,,,,,1
,,2,1,,,,,,1
,,2,1,,,,,,1
,,2,1,,,,,,1
,,2,1,,,,,,1
,,2,1,,,,,,1
,,2,1,,,,,,1
,,2,1,,,,,,1
,,2,1,,,,,,1
,,2,1,,,,,,1
,,2,1,,,,,,1
,,2,1,,,,,,1
,,2,1,,,,,,1
,,2,1,,,,,,1
,,2,1,,,,,,1
,,2,1,,,,,,1
,,2,1,,,,,,1
,,2,1,,,,,,1
,,2,1,,,,,,1
,,2,1,,,,,,1
,,2,1,,,,,,1
,,2,1,,,,,,1
,,2,1,,,,,,1
,,2,1,,,,,,1
,,2,1,,,,,,1
,,2,1,,,,,,1
,,2,1,,,,,,1
,,2,1,,,,,,1
,,2,1,,,,,,1
,,2,1,,,,,,1
,,2,1,,,,,,1
,,2,1,,,,,,1
,,2,1,,,,,,1
,,2,1,,,,,,1
,,2,1,,,,,,1
,,2,1,,,,,,1
,,2,1,,,,,,1
,,2,1,,,,,,1
,,2,1,,,,,,1
,,2,1,,,,,,1
,,2,1,,,,,,1
,,2,1,,,,,,1
,,2,1,,,,,,1
,,2,1,,,,,,1
,,2,1,,,,,,1
,,2,1,,,,,,1
,,2,1,,,,,,1
,,2,1,,,,,,1
,,2,1,,,,,,1
,,2,1,,,,,,1
,,2,1,,,,,,1
,,2,1,,,,,,1
,,2,1,,,,,,1
,,2,1,,,,,,1
,,2,1,,,,,,1
,,2,1,,,,,,1
,,2,1,,,,,,1
,,2,1,,,,,,1
,,2,1,,,,,,1
,,2,1,,,,,,1
,,2,1,,,,,,1
,,2,1,,,,,,1
,,2,1,,,,,,1
,,2,1,,,,,,1
,,2,1,,,,,,1
,,2,1,,,,,,1
,,2,1,,,,,,1
,,2,1,,,,,,1
,,2,1,,,,,,1
,,2,1,,,,,,1
,,2,1,,,,,,1
,,2,1,,,,,,1
,,2,1,,,,,,1
,,2,1,,,,,,1
,,2,1,,,,,,1
,,2,1,,,,,,1
,,2,1,,,,,,1
,,2,1,,,,,,1
,,2,1,,,,,,1
,,2,1,,,,,,1
,,2,1,,,,,,1
,,2,1,,,,,,1
,,2,1,,,,,,1
,,2,1,,,,,,1
,,2,1,,,,,,1
,,2,1,,,,,,1
,,2,1,,,,,,1
,,2,1,,,,,,1
,,2,1,,,,,,1
,,2,1,,,,,,1
,,2,1,,,,,,1
,,2,1,,,,,,1
,,2,1,,,,,,1
,,2,1,,,,,,1
,,2,1,,,,,,1
,,2,1,,,,,,1
,,2,1,,,,,,1
,,2,1,,,,,,1
,,2,1,,,,,,1
,,2,1,,,,,,1
,,2,1,,,,,,1
,,2,1,,,,,,1
,,2,1,,,,,,1
,,2,1,,,,,,1
,,2,1,,,,,,1
,,2,1,,,,,,1
,,2,1,,,,,,1
,,2,1,,,,,,1
,,2,1,,,,,,1
,,2,1,,,,,,1
,,2,1,,,,,,1
,,2,1,,,,,,1
,,2,1,,,,,,1
,,2,1,,,,,,1
,,2,1,,,,,,1
,,2,1,,,,,,1
,,2,1,,,,,,1
,,2,1,,,,,,1
,,2,1,,,,,,1
,,2,1,,,,,,1
,,2,1,,,,,,1
,,2,1,,,,,,1
,,2,1,,,,,,1
,,2,1,,,,,,1
,,2,1,,,,,,1
,,2,1,,,,,,1
,,2,1,,,,,,1
,,2,1,,,,,,1
,,2,1,,,,,,1
,,2,1,,,,,,1
,,2,1,,,,,,1
,,2,1,,,,,,1
,,2,1,,,,,,1
,,2,1,,,,,,1
,,2,1,,,,,,1
,,2,1,,,,,,1
,,2,1,,,,,,1
,,2,1,,,,,,1
,,2,1,,,,,,1
,,2,1,,,,,,1
,,2,1,,,,,,1
,,2,1,,,,,,1
,,2,1,,,,,,1
,,2,1,,,,,,1
,,2,1,,,,,,1
,,2,1,,,,,,1
,,2,1,,,,,,1
,,2,1,,,,,,1
,,2,1,,,,,,1
,,2,1,,,,,,1
,,2,1,,,,,,1
,,2,1,,,,,,1
,,2,1,,,,,,1
,,2,1,,,,,,1
,,2,1,,,,,,1
,,2,1,,,,,,1
,,2,1,,,,,,1
,,2,1,,,,,,1
,,2,1,,,,,,1
,,2,1,,,,,,1
,,2,1,,,,,,1
,,2,1,,,,,,1
,,2,1,,,,,,1
,,2,1,,,,,,1
,,2,1,,,,,,1
,,2,1,,,,,,1
,,2,1,,,,,,1
,,2,1,,,,,,1
,,2,1,,,,,,1
,,2,1,,,,,,1
,,2,1,,,,,,1
,,2,1,,,,,,1
,,2,1,,,,,,1
,,2,1,,,,,,1
,,2,1,,,,,,1
,,2,1,,,,,,1
,,2,1,,,,,,1
,,2,1,,,,,,1
,,2,1,,,,,,1
,,2,1,,,,,,1
,,2,1,,,,,,1
,,2,1,,,,,,1
,,2,1,,,,,,1
,,2,1,,,,,,1
,,2,1,,,,,,1
,,2,1,,,,,,1
,,2,1,,,,,,1
,,2,1,,,,,,1
,,2,1,,,,,,1
,,2,1,,,,,,1
,,2,1,,,,,,1
,,2,1,,,,,,1
,,2,1,,,,,,1
,,2,1,,,,,,1
,,2,1,,,,,,1
,,2,1,,,,,,1
,,2,1,,,,,,1
,,2,1,,,,,,1
,,2,1,,,,,,1
,,2,1,,,,,,1
,,2,1,,,,,,1
,,2,1,,,,,,1
,,2,1,,,,,,1
,,2,1,,,,,,1
,,2,1,,,,,,1
,,2,1,,,,,,1
,,2,1,,,,,,1
,,2,1,,,,,,1
,,2,1,,,,,,1
,,2,1,,,,,,1
,,2,1,,,,,,1
,,2,1,,,,,,1
,,2,1,,,,,,1
,,2,1,,,,,,1
,,2,1,,,,,,1
,,2,1,,,,,,1
,,2,1,,,,,,1
,,2,1,,,,,,1
,,2,1,,,,,,1
,,2,1,,,,,,1
,,2,1,,,,,,1
,,2,1,,,,,,1
,,2,1,,,,,,1
,,2,1,,,,,,1
,,2,1,,,,,,1
,,2,1,,,,,,1
,,2,1,,,,,,1
,,2,1,,,,,,1
,,2,1,,,,,,1
,,2,1,,,,,,1
,,2,1,,,,,,1
,,2,1,,,,,,1
,,2,1,,,,,,1
,,2,1,,,,,,1
,,2,1,,,,,,1
,,2,1,,,,,,1
,,2,1,,,,,,1
,,2,1,,,,,,1
,,2,1,,,,,,1
,,2,1,,,,,,1
,,2,1,,,,,,1
,,2,1,,,,,,1
,,2,1,,,,,,1
,,2,1,,,,,,1
,,2,1,,,,,,1
,,2,1,,,,,,1
,,2,1,,,,,,1
,,2,1,,,,,,1
,,2,1,,,,,,1
,,2,1,,,,,,1
,,2,1,,,,,,1
,,2,1,,,,,,1
,,2,1,,,,,,1
,,2,1,,,,,,1
,,2,1,,,,,,1
,,2,1,,,,,,1
,,2,1,,,,,,1
,,2,1,,,,,,1
,,2,1,,,,,,1
,,2,1,,,,,,1
,,2,1,,,,,,1
,,2,1,,,,,,1
,,2,1,,,,,,1
,,2,1,,,,,,1
,,2,1,,,,,,1
,,2,1,,,,,,1
,,2,1,,,,,,1
,,2,1,,,,,,1
,,2,1,,,,,,1
,,2,1,,,,,,1
,,2,1,,,,,,1
,,2,1,,,,,,1
,,2,1,,,,,,1
,,2,1,,,,,,1
,,2,1,,,,,,1
,,2,1,,,,,,1
,,2,1,,,,,,1
,,2,1,,,,,,1
,,2,1,,,,,,1
,,2,1,,,,,,1
,,2,1,,,,,,1
,,2,1,,,,,,1
,,2,1,,,,,,1
,,2,1,,,,,,1
,,2,1,,,,,,1
,,2,1,,,,,,1
,,2,1,,,,,,1
,,2,1,,,,,,1
,,2,1,,,,,,1
,,2,1,,,,,,1
,,2,1,,,,,,1
,,2,1,,,,,,1
,,2,1,,,,,,1
,,2,1,,,,,,1
,,2,1,,,,,,1
,,2,1,,,,,,1
,,2,1,,,,,,1
,,2,1,,,,,,1
,,2,1,,,,,,1
,,2,1,,,,,,1
,,2,1,,,,,,1
,,2,1,,,,,,1
,,2,1,,,,,,1
,,2,1,,,,,,1
,,2,1,,,,,,1
,,2,1,,,,,,1
,,2,1,,,,,,1
,,2,1,,,,,,1
,,2,1,,,,,,1
,,2,1,,,,,,1
,,2,1,,,,,,1
,,2,1,,,,,,1
,,2,1,,,,,,1
,,2,1,,,,,,1
,,2,1,,,,,,1
,,2,1,,,,,,1
,,2,1,,,,,,1
,,2,1,,,,,,1
,,2,1,,,,,,1
,,2,1,,,,,,1
,,2,1,,,,,,1
,,2,1,,,,,,1
,,2,1,,,,,,1
,,2,1,,,,,,1
,,2,1,,,,,,1
,,2,1,,,,,,1
,,2,1,,,,,,1
,,2,1,,,,,,1
,,2,1,,,,,,1
,,2,1,,,,,,1
,,2,1,,,,,,1
,,2,1,,,,,,1
,,2,1,,,,,,1
,,2,1,,,,,,1
,,2,1,,,,,,1
,,2,1,,,,,,1
,,2,1,,,,,,1
,,2,1,,,,,,1
,,2,1,,,,,,1
,,2,1,,,,,,1
,,2,1,,,,,,1
,,2,1,,,,,,1
,,2,1,,,,,,1
,,2,1,,,,,,1
,,2,1,,,,,,1
,,2,1,,,,,,1
,,2,1,,,,,,1
,,2,1,,,,,,1
,,2,1,,,,,,1
,,2,1,,,,,,1
,,2,1,,,,,,1
,,2,1,,,,,,1
,,2,1,,,,,,1
,,2,1,,,,,,1
,,2,1,,,,,,1
,,2,1,,,,,,1
,,2,1,,,,,,1
,,2,1,,,,,,1
,,2,1,,,,,,1
,,2,1,,,,,,1
,,2,1,,,,,,1
,,2,1,,,,,,1
,,2,1,,,,,,1
,,2,1,,,,,,1
,,2,1,,,,,,1
,,2,1,,,,,,1
,,2,1,,,,,,1
,,2,1,,,,,,1
,,2,1,,,,,,1
,,2,1,,,,,,1
,,2,1,,,,,,1
,,2,1,,,,,,1
,,2,1,,,,,,1
,,2,1,,,,,,1
,,2,1,,,,,,1
,,2,1,,,,,,1
,,2,1,,,,,,1
,,2,1,,,,,,1
,,2,1,,,,,,1
,,2,1,,,,,,1
,,2,1,,,,,,1
,,2,1,,,,,,1
,,2,1,,,,,,1
,,2,1,,,,,,1
,,2,1,,,,,,1
,,2,1,,,,,,1
,,2,1,,,,,,1
,,2,1,,,,,,1
,,2,1,,,,,,1
,,2,1,,,,,,1
,,2,1,,,,,,1
,,2,1,,,,,,1
,,2,1,,,,,,1
,,2,1,,,,,,1
,,2,1,,,,,,1
,,2,1,,,,,,1
,,2,1,,,,,,1
,,2,1,,,,,,1
,,2,1,,,,,,1
,,2,1,,,,,,1
,,2,1,,,,,,1
,,2,1,,,,,,1
,,2,1,,,,,,1
,,2,1,,,,,,1
,,2,1,,,,,,1
,,2,1,,,,,,1
,,2,1,,,,,,1
,,2,1,,,,,,1
,,2,1,,,,,,1
,,2,1,,,,,,1
,,2,1,,,,,,1
,,2,1,,,,,,1
,,2,1,,,,,,1
,,2,1,,,,,,1
,,2,1,,,,,,1
,,2,1,,,,,,1
,,2,1,,,,,,1
,,2,1,,,,,,1
,,2,1,,,,,,1
,,2,1,,,,,,1
,,2,1,,,,,,1
,,2,1,,,,,,1
,,2,1,,,,,,1
,,2,1,,,,,,1
,,2,1,,,,,,1
,,2,1,,,,,,1
,,2,1,,,,,,1
,,2,1,,,,,,1
,,2,1,,,,,,1
,,2,1,,,,,,1
,,2,1,,,,,,1
,,2,1,,,,,,1
,,2,1,,,,,,1
,,2,1,,,,,,1
,,2,1,,,,,,1
,,2,1,,,,,,1
,,2,1,,,,,,1
,,2,1,,,,,,1
,,2,1,,,,,,1
,,2,1,,,,,,1
,,2,1,,,,,,1
,,2,1,,,,,,1
,,2,1,,,,,,1
,,2,1,,,,,,1
,,2,1,,,,,,1
,,2,1,,,,,,1
,,2,1,,,,,,1
,,2,1,,,,,,1
,,2,1,,,,,,1
,,2,1,,,,,,1
,,2,1,,,,,,1
,,2,1,,,,,,1
,,2,1,,,,,,1
,,2,1,,,,,,1
,,2,1,,,,,,1
,,2,1,,,,,,1
,,2,1,,,,,,1
,,2,1,,,,,,1
,,2,1,,,,,,1
,,2,1,,,,,,1
,,2,1,,,,,,1
,,2,1,,,,,,1
,,2,1,,,,,,1
,,2,1,,,,,,1
,,2,1,,,,,,1
,,2,1,,,,,,1
,,2,1,,,,,,1
,,2,1,,,,,,1
,,2,1,,,,,,1
,,2,1,,,,,,1
,,2,1,,,,,,1
,,2,1,,,,,,1
,,2,1,,,,,,1
,,2,1,,,,,,1
,,2,1,,,,,,1
,,2,1,,,,,,1
,,2,1,,,,,,1
,,2,1,,,,,,1
,,2,1,,,,,,1
,,2,1,,,,,,1
,,2,1,,,,,,1
,,2,1,,,,,,1
,,2,1,,,,,,1
,,2,1,,,,,,1
,,2,1,,,,,,1
,,2,1,,,,,,1
,,2,1,,,,,,1
,,2,1,,,,,,1
,,2,1,,,,,,1
,,2,1,,,,,,1
,,2,1,,,,,,1
,,2,1,,,,,,1
,,2,1,,,,,,1
,,2,1,,,,,,1
,,2,1,,,,,,1
,,2,1,,,,,,1
,,2,1,,,,,,1
,,2,1,,,,,,1
,,2,1,,,,,,1
,,2,1,,,,,,1
,,2,1,,,,,,1
,,2,1,,,,,,1
,,2,1,,,,,,1
,,2,1,,,,,,1
,,2,1,,,,,,1
,,2,1,,,,,,1
,,2,1,,,,,,1
,,2,1,,,,,,1
,,2,1,,,,,,1
,,2,1,,,,,,1
,,2,1,,,,,,1
,,2,1,,,,,,1
,,2,1,,,,,,1
,,2,1,,,,,,1
,,2,1,,,,,,1
,,2,1,,,,,,1
,,2,1,,,,,,1
,,2,1,,,,,,1
,,2,1,,,,,,1
,,2,1,,,,,,1
,,2,1,,,,,,1
,,2,1,,,,,,1
,,2,1,,,,,,1
,,2,1,,,,,,1
,,2,1,,,,,,1
,,2,1,,,,,,1
,,2,1,,,,,,1
,,2,1,,,,,,1
,,2,1,,,,,,1
,,2,1,,,,,,1
,,2,1,,,,,,1
,,2,1,,,,,,1
,,2,1,,,,,,1
,,2,1,,,,,,1
,,2,1,,,,,,1
,,2,1,,,,,,1
,,2,1,,,,,,1
,,2,1,,,,,,1
,,2,1,,,,,,1
,,2,1,,,,,,1
,,2,1,,,,,,1
,,2,1,,,,,,1
,,2,1,,,,,,1
,,2,1,,,,,,1
,,2,1,,,,,,1
,,2,1,,,,,,1
,,2,1,,,,,,1
,,2,1,,,,,,1
,,2,1,,,,,,1
,,2,1,,,,,,1
,,2,1,,,,,,1
,,2,1,,,,,,1
,,2,1,,,,,,1
,,2,1,,,,,,1
,,2,1,,,,,,1
,,2,1,,,,,,1
,,2,1,,,,,,1
,,2,1,,,,,,1
,,2,1,,,,,,1
,,2,1,,,,,,1
,,2,1,,,,,,1
,,2,1,,,,,,1
,,2,1,,,,,,1
,,2,1,,,,,,1
,,2,1,,,,,,1
,,2,1,,,,,,1
,,2,1,,,,,,1
,,2,1,,,,,,1
,,2,1,,,,,,1
,,2,1,,,,,,1
,,2,1,,,,,,1
,,2,1,,,,,,1
,,2,1,,,,,,1
,,2,1,,,,,,1
,,2,1,,,,,,1
,,2,1,,,,,,1
,,2,1,,,,,,1
,,2,1,,,,,,1
,,2,1,,,,,,1
,,2,1,,,,,,1
,,2,1,,,,,,1
,,2,1,,,,,,1
,,2,1,,,,,,1
,,2,1,,,,,,1
,,2,1,,,,,,1
,,2,1,,,,,,1
,,2,1,,,,,,1
,,2,1,,,,,,1
,,2,1,,,,,,1
,,2,1,,,,,,1
,,2,1,,,,,,1
,,2,1,,,,,,1
,,2,1,,,,,,1
,,2,1,,,,,,1
,,2,1,,,,,,1
,,2,1,,,,,,1
,,2,1,,,,,,1
,,2,1,,,,,,1
,,2,1,,,,,,1
,,2,1,,,,,,1
,,2,1,,,,,,1
,,2,1,,,,,,1
,,2,1,,,,,,1
,,2,1,,,,,,1
,,2,1,,,,,,1
,,2,1,,,,,,1
,,2,1,,,,,,1
,,2,1,,,,,,1
,,2,1,,,,,,1
,,2,1,,,,,,1
,,2,1,,,,,,1
,,2,1,,,,,,1
,,2,1,,,,,,1
,,2,1,,,,,,1
,,2,1,,,,,,1
,,2,1,,,,,,1
,,2,1,,,,,,1
,,2,2,,,,,,2
,,2,2,,,,,,2
,,2,2,,,,,,2
,,2,2,,,,,,2
,,2,2,,,,,,2
,,2,2,,,,,,2
,,2,2,,,,,,2
,,2,2,,,,,,2
,,2,2,,,,,,2
,,2,2,,,,,,2
,,2,2,,,,,,2
,,2,2,,,,,,2
,,2,2,,,,,,2
,,2,2,,,,,,2
,,2,2,,,,,,2
,,2,2,,,,,,2
,,2,2,,,,,,2
,,2,2,,,,,,2
,,2,2,,,,,,2
,,2,2,,,,,,2
,,2,2,,,,,,2
,,2,2,,,,,,2
,,2,2,,,,,,2
,,2,2,,,,,,2
,,2,2,,,,,,2
,,2,2,,,,,,2
,,2,2,,,,,,2
,,2,2,,,,,,2
,,2,2,,,,,,2
,,2,2,,,,,,2
,,2,2,,,,,,2
,,2,2,,,,,,2
,,2,2,,,,,,2
,,2,2,,,,,,2
,,2,2,,,,,,2
,,2,2,,,,,,2
,,2,2,,,,,,2
,,2,2,,,,,,2
,,2,2,,,,,,2
,,2,2,,,,,,2
,,2,2,,,,,,2
,,2,2,,,,,,2
,,2,2,,,,,,2
,,2,2,,,,,,2
,,2,2,,,,,,2
,,2,2,,,,,,2
,,2,2,,,,,,2
,,2,2,,,,,,2
,,2,2,,,,,,2
,,2,2,,,,,,2
,,2,2,,,,,,2
,,2,2,,,,,,2
,,2,2,,,,,,2
,,2,2,,,,,,2
,,2,2,,,,,,2
,,2,2,,,,,,2
,,2,2,,,,,,2
,,2,2,,,,,,2
,,2,2,,,,,,2
,,2,2,,,,,,2
,,2,2,,,,,,2
,,2,2,,,,,,2
,,2,2,,,,,,2
,,2,2,,,,,,2
,,2,2,,,,,,2
,,2,2,,,,,,2
,,2,2,,,,,,2
,,2,2,,,,,,2
,,2,2,,,,,,2
,,2,2,,,,,,2
,,2,2,,,,,,2
,,2,2,,,,,,2
,,2,2,,,,,,2
,,2,2,,,,,,2
,,2,2,,,,,,2
,,2,2,,,,,,2
,,2,2,,,,,,2
,,2,2,,,,,,2
,,2,2,,,,,,2
,,2,2,,,,,,2
,,2,2,,,,,,2
,,2,2,,,,,,2
,,2,2,,,,,,2
,,2,2,,,,,,2
,,2,2,,,,,,2
,,2,2,,,,,,2
,,2,2,,,,,,2
,,2,2,,,,,,2
,,2,2,,,,,,2
,,2,2,,,,,,2
,,2,2,,,,,,2
,,2,2,,,,,,2
,,1,2,,,,,,2
,,1,,,,,,,890
,,1,,,,,,,260
,,1,3,,,,,,2890
,,1,,,,,,,195
,,1,3,,,,,,1695
,,1,,,,,,,1465
,,1,,,,,,,2055
,,1,1,,,,,,669920
,,1,,,,,,,1125
,,1,,,,,,,35
,,1,4,,,,,,3915
,,1,2,,,,,,172
,,1,,,,,,,28
,,1,,,,,,,8
,,1,,,,,,,26
,,8,,,,,,,13
,,1,,,,,,,38
,,1,,,,,,,9523
,,1,,,,,,,39
,,1,,,,,,,100
,,1,,,,,,,270
,,1,,,,,,,38063
,,1,,,,,,,6925
,,1,,,,,,,92492
,,1,,,,,,,39430
,,1,,,,,,,3
,,1,,,,,,,71950
,,1,,,,,,,27
,,1,,,,,,,5000
,,1,,,,,,,245
,,1,,,,,,,336
,,5,1,,,,,,35
,,3,,,,,,,18000
,,3,1,,,,,,122
,,1,2,,,,,,208
,,3,1,,,,,,10
,,1,3,,,,,,3
,,1,7,,,,,,7
,,1,3,,,,,,3
,,1,6,,,,,,6
,,1,5,,,,,,5
,,4,9,,,,,,46696
,,3,,,,,,,35
,,3,,,,,,,1261
,,8,2,,,,,,50
,,1,,,,,,,607
,,2,,,,,,,21
,,2,3,,,,,,3
,,2,3,,,,,,3
,,2,3,,,,,,3
,,2,3,,,,,,3
,,2,3,,,,,,3
,,2,3,,,,,,3
,,2,3,,,,,,3
,,2,7,,,,,,7
,,2,3,,,,,,3
,,2,3,,,,,,3
,,2,3,,,,,,3
,,2,3,,,,,,3
,,2,3,,,,,,3
,,2,3,,,,,,3
,,2,3,,,,,,3
,,2,10,,,,,,10
,,2,9,,,,,,9
,,2,4,,,,,,4
,,2,8,,,,,,8
,,2,4,,,,,,4
,,2,5,,,,,,5
,,2,3,,,,,,3
,,2,3,,,,,,3
,,2,3,,,,,,3
,,2,,,,,,,2455
,,2,10,,,,,,10
,,2,3,,,,,,3
,,2,3,,,,,,3
,,2,12,,,,,,12
,,2,8,,,,,,8
,,2,3,,,,,,3
,,2,3,,,,,,3
,,2,6,,,,,,6
,,2,4,,,,,,4
,,2,8,,,,,,8
,,2,3,,,,,,3
,,2,4,,,,,,4
,,2,11,,,,,,11
,,2,5,,,,,,5
,,2,6,,,,,,6
,,2,5,,,,,,5
,,2,3,,,,,,3
,,2,6,,,,,,6
,,2,6,,,,,,6
,,2,4,,,,,,4
,,2,3,,,,,,3
,,2,3,,,,,,3
,,2,7,,,,,,7
,,2,3,,,,,,3
,,2,4,,,,,,1342
,,2,5,,,,,,5
,,2,3,,,,,,3
,,2,6,,,,,,1926
,,2,2,,,,,,10
,,2,5,,,,,,5
,,2,5,,,,,,5
,,2,6,,,,,,6
,,2,9,,,,,,9
,,2,19,,,,,,19
,,2,25,,,,,,25
,,2,14,,,,,,14
,,2,5,,,,,,5
,,2,7,,,,,,7
,,2,5,,,,,,5
,,2,6,,,,,,6
,,2,3,,,,,,3
,,2,,,,,,,1400
,,2,3,,,,,,300
,,2,4,,,,,,4
,,2,15,,,,,,15
,,2,8,,,,,,8
,,2,6,,,,,,6
,,2,6,,,,,,6
,,2,5,,,,,,5
,,2,7,,,,,,7
,,2,5,,,,,,5
,,2,3,,,,,,3
,,2,5,,,,,,5
,,2,4,,,,,,4
,,2,4,,,,,,4
,,2,4,,,,,,4
,,1,,,,,,15214,15612
,,1,2,,211,,,,469807
,,1,,,633,,,,2390
,,1,,,388,,,,1570
,,1,,,605,,,,2695
,,1,1,,360,,,,1425
,,1,,,161,,,,770
,,1,4,,2,,,,17269
,,1,2,,295,,,,661285
,,1,,,71,,,,390
,,1,,,284,,,,2485
,,1,,,34,,,,50588
,,2,1,,585,,,,585
,,2,,,250,,,,1400
,,1,1,5,1,,,,
,,1,,1,1,,,,
,,1,3,1,2,,,,
,,1,2,1,1,,,,
,,1,13,3,6,,,,
,,1,,1,1,,,,
,,1,,1,1,,,,
,,1,,2,1,,,,
,,1,2,1,17,,,,
,,1,1,1,2,,,,
,,1,1,8,1,,,,
,,1,1,1,1,,,,
,,1,5,1,4,,,,
,,1,5,1,1,,,,
,,1,1,,1,,,,
,,1,1,,1,,,,
,,1,1,,1,,,,
,,1,1,,1,,,,
,,1,1,,1,,,,
,,1,1,,1,,,,
,,1,1,,1,,,,
,,1,2,,1,,,,
,,1,1,,1,,,,
,,1,1,,1,,,,
,,2,,,94,,,,
,,1,,,12,,,,
,,1,,,5,,,,
,,1,,,59,,,,
,,1,,,24,,,,
,,1,,,88,,,,
,,1,,,301,,,,
,,1,,,23,,,,
,,1,,,45,,,,
,,1,,,55,,,,
,,1,,,52,,,,
,,1,,,13,,,,
,,1,,,58,,,,
,,1,,,2,,,,
,,1,,,83,,,,
,,1,,,50,,,,
,,1,,,29,,,,
,,1,,,55,,,,
,,1,,,191,,,,
,,1,,,107,,,,
,,1,,,66,,,,
,,1,,,5,,,,
,,1,,,6,,,,
,,1,,,11,,,,
,,1,,,2,,,,
,,1,,,2,,,,
,,1,,,2,,,,
,,1,,,3,,,,
,,1,,,5,,,,
,,1,,,2,,,,
,,1,,,3,,,,
,,1,,,3,,,,
,,1,,,4,,,,
,,1,,,4,,,,
,,1,,,2,,,,
,,1,,,3,,,,
,,1,,,3,,,,
,,1,,,6,,,,
,,1,,,5,,,,
,,1,,,2,,,,
,,1,,,2,,,,
,,1,,,3,,,,
,,1,,,1,,,,
,,1,,,1,,,,
,,1,,,1,,,,
,,1,,,1,,,,
,,1,,,1,,,,
,,1,,,1,,,,
,,1,,,1,,,,
,,1,,,1,,,,
,,1,,,1,,,,
,,1,,,1,,,,
,,1,,,1,,,,
,,1,,,1,,,,
,,1,,,1,,,,
,,1,,,1,,,,
,,1,,,1,,,,
,,1,,,1,,,,
,,1,,,1,,,,
,,1,,,1,,,,
,,1,,,1,,,,
,,1,,,1,,,,
,,1,,,1,,,,
,,1,,,1,,,,
,,1,,,1,,,,
,,1,,,1,,,,
,,1,,,1,,,,
,,1,,,1,,,,
,,1,,,1,,,,
,,1,,,1,,,,
,,1,,,1,,,,
,,1,,,1,,,,
,,1,,,1,,,,
,,1,,,1,,,,
,,1,,,1,,,,
,,1,,,1,,,,
,,1,,,1,,,,
,,1,,,1,,,,
,,1,,,1,,,,
,,2,1,4,,,4,,13
,,2,1,10,,,5,,18
,,2,1,2,2,,13,,43
,,2,1,7,,,6,,26
,,2,1,6,,,5,,17
,55,2,1,2,2,,12,26,26
,83,2,1,3,6,,6,12,67
,19,2,1,2,4,,4,4,12
,,2,1,10,20,,25,,45
,102,2,1,5,4,,10,20,76
,,2,1,16,3,,16,,32
,,2,1,7,3,,16,,45
,108,2,1,2,5,,20,25,80
,44,2,3,7,,,9,17,17
,,2,1,5,2,,24,,45
,,2,1,5,5,,15,,63
,,1,,,71,,211,6802,8421
,,1,5,,641,,5916,,802784
,,1,7,,361,,4925,,87673
,,1,,,2,,779,,444748
,,1,1,,132,,6563,,150000
,,1,1,,109,,1265,,582077
,,1,1,,1429,,21286,,57370
,,1,15,,46,,4606,,156000
,,1,1,,39,,249,,108456
,,1,,,41,,328,,107360
,,1,,,3,,15,,1641
,,1,2,,262,,4916,,8000
,,1,,,74,,1022,,8000
,,1,8,,187,,7483,,717080
,,1,2,,24,,893,,14970
,,1,3,,229,,3920,,358473
,,2,,,263,,7,,270
,,2,,,12,,24,,36
,,3,,,535,,52,,68215
,,4,1,,5019,,384,,68215
,,1,1,,664,,199,,1
,,5,,,380,,173,,213306
,,5,9,,5017,,2561,,20000
,,4,,,25,,74,,1500
,,4,,,4120,,229,,358473
,,5,4,,27342,,7501,,933390
,,1,,,7,,41,,2611
,,1,,,10,,328,,3231
,,1,,,2,,28,,317
,,5,12,,17903,,7739,,1723623
,,5,3,,2900,,1220,,191565
,,3,,,20,,379,,5500
,,2,4,,985,,456,,17447
,,2,,,219,,61,,1400
,,2,1,,5245,,2488,,21975
,,2,,,3267,,91,,16799
,,2,3,,358,,1406,,441497
,,2,,,6648,,3488,,7500
,,2,,,2043,,114,,40500
,,2,2,,345,,61,,1549
,,2,1,,5,,12,,12
,,2,1,,1,,1,,10
,,2,2,,20,,45,,65
,,2,1,,10,,26,,150
,,2,1,,10,,35,,61
,,2,2,,10,,35,,45
,,2,1,,12,,38,,138
,,2,10,,65371,,13781,,1502000
,,2,,,1585,,6723,,630000
,,2,1,,3244,,41,,548240
,,2,3,,40269,,49603,,1814775
,,2,,,406,,16450,,480300
,,2,1,,1461,,1509,,900000
,,2,,,988,,9774,,1553722
,,2,1,,374,,11050,,145000
,,2,,,2585,,11315,,65123
,,2,3,,462,,1096,,1140309
,,2,,,10042,,18785,,326845
,,2,,,4279,,14694,,984000
,,2,,,7510,,3937,,133100
,,2,1,,1664,,32207,,2234706
,,1,1,,,,93,,21906
,,2,1,,,,16,,16
,,5,7,,,,5609,,717080
,,1,4,,,,1761,,17611
,,1,1,,,,223,,1490
,,2,2,,,,2,,2
,,4,2,,,,5445,,50000
,,4,1,,,,1437,,261569
,,4,8,,,,34437,,772275
,,4,2,,,,1760,,338462
,,4,4,,,,2518,,252991
,,4,10,,,,6760,,622348
,,4,5,,,,5981,,20000
,,4,10,,,,8072,,147400
,,4,20,,,,31810,,759328
,,1,7,,,,2710,,27100
,,1,4,,,,890,,8900
,,1,11,,,,796,,7960
,,1,1,,,,664,,6640
,,2,5,,,,5,,150
,,4,14,,,,3587,,35870
,,4,1,,,,2905,,32100
,,2,1,,,,292,,1460
,,2,1,,,,480,,480
,,2,1,,,,155,,775
,,2,2,,,,2,,8440
,,2,1,,,,10,,2965
,,1,3,,,,338,,3033
,,2,1,,,,471,,2355
,,2,6,,,,763,,3815
,,2,2,,,,10,,200
,,2,1,,,,600,,3600
,,2,4,,,,564,,25000
,,2,4,,,,11699,,383670
,,2,1,,,,12489,,526923
,,2,1,,,,635,,139674
,,2,1,,,,25,,150
,,2,1,,,,30,,148
,,2,1,,,,10,,41
,,2,1,,,,12,,12
,,2,1,,,,12,,12
,,2,1,,,,12,,12
,,2,1,,,,10,,27
,,2,1,,,,20,,56
,,2,3,,,,45,,45
,,2,1,,,,25,,59
,,2,1,,,,10,,25
,,2,1,,,,12,,22
,,2,1,,,,27,,27
,,2,1,,,,10,,10
,,2,1,,,,12,,32
,,2,1,,,,16,,16
,,2,1,,,,38,,38
,,2,1,,,,16,,16
,,2,1,,,,25,,68
,,2,1,,,,25,,68
,,2,1,,,,25,,69
,,2,2,,,,40,,40
,,2,2,,,,36,,66
,,2,1,,,,25,,25
,,2,1,,,,197,,13475
,,2,1,,,,65,,88
,,2,1,,,,4745,,728120
,,2,4,,,,14367,,84000
,,2,4,,,,211755,,2200000
,,2,2,,,,9389,,972000
,,2,2,,,,24016,,984000
,,2,1,,,,4000,,57050
,,2,3,,,,17,,17
,,2,4,,,,30,,30
,,2,4,,,,12,,45
,,1,,,,,895,,122
,,1,,,,,30,,1500
,,1,,,,,17,,5938
,,1,,,,,16,,24748
,,1,,,,,2005,,194082
,,1,,,,,6,,58
,,1,,,,,248,,3905
,,1,,,,,44,,224
,,1,,,,,366,,3660
,,1,,,,,13,,120
,,1,,,,,115,,1523
,,1,,,,,367,,1523
,,1,,,,,173,,1732
,,1,,,,,376,,3761
,,1,,,,,81,,822
,,1,,,,,271,,2710
,,1,,,,,449,,2249
,,4,,,,,231,,106902
,,4,,,,,16841,,71867
,,4,,,,,5641,,33646
,,4,,,,,2341,,81097
,,1,,,,,15,,150
,,1,,,,,152,,1520
,,1,,,,,316,,3160
,,1,,,,,11,,110
,,1,,,,,239,,2390
,,1,,,,,284,,2840
,,1,,,,,226,,2260
,,1,,,,,190,,1900
,,1,,,,,194,,1940
,,3,,,,,125,,1251
,,1,,,,,466,,4660
,,2,,,,,33,,336
,,2,,,,,381,,381
,,2,,,,,3,,201
,,2,,,,,13,,65
,,2,,,,,19,,110
,,2,,,,,68,,356
,,2,,,,,163,,815
,,2,,,,,478,,2890
,,2,,,,,75,,375
,,2,,,,,154,,776
,,2,,,,,152,,760
,,2,,,,,82,,410
,,2,,,,,544,,2720
,,2,,,,,424,,2120
,,2,,,,,153,,765
,,2,,,,,6,,30
,,2,,,,,15,,82
,,2,,,,,627,,3135
,,2,,,,,116,,696
,,2,,,,,1559,,7795
,,2,,,,,235,,1175
,,2,,,,,577,,3462
,,2,,,,,35,,210
,,2,,,,,33,,165
,,2,,,,,942,,4710
,,2,,,,,459,,2295
,,2,,,,,149,,894
,,2,,,,,21,,105
,,2,,,,,227,,1362
,,2,,,,,31,,121338
,,2,,,,,2631,,87661
,,2,,,,,5931,,37676
,,2,,,,,691,,57000
,,2,,,,,86,,74
,,2,,,,,176,,880
,,2,,,,,172,,1032
,,2,,,,,194,,970
,,2,,,,,17,,76
,,2,,,,,151,,6906
,,2,,,,,72,,432
,,2,,,,,725,,725
,,2,,,,,66,,375
,,2,,,,,424,,40250
,,2,,,,,2541,,1273452
,,2,,,,,27177,,107205
,,2,,,,,18057,,86000
,,2,,,,,21836,,1439000
,,2,,,,,274,,6800
,,2,,,,,70530,,152335
,,1,15,3,,,3,,
,,1,,2,8,,14,,
,,1,,3,,,3,,
,,1,,1,,,2,,
,,1,1,3,39,,762,,
,,1,,1,,,1,,
,,1,,2,49,,201,,
,,1,2,6,6,,6,,
,,1,,19,11,,202,,
,,1,1,2,6,,15,,
,,1,2,3,3,,6,,
,,1,,12,16,,369,,
,,1,,5,,,115,,
,,1,,1,,,1,,
,,1,,1,1,,2,,
,,1,1,1,,,1,,
,,1,,2,,,11,,
,,1,,1,,,50,,
,,1,,2,2,,1,,
,,1,32,13,126,,281,,
,,1,60,12,58,,7,,
,,1,11,11,160,,3789,,
,,1,29,3,5,,200,,
,,1,13,28,545,,2152,,
,,1,16,1,4,,957,,
,,1,12,16,176,,484,,
,,1,2,2,34,,119,,
,,1,3,2,10,,12,,
,,1,7,1,,,20,,
,,1,1,5,5,,14,,
,,1,4,3,10,,9,,
,,1,1,2,10,,10,,
,,1,2,3,20,,5,,
,,1,12,20,178,,1930,,
,,1,1,4,10,,15,,
,,1,,2,,,8,,
,,1,,1,1,,1,,
,,1,,1,6,,4,,
,,1,,1,9,,8,,
,,1,,3,,,1,,
,,1,1,,227,,1781,,
,,1,1,,139,,328,,
,,1,3,,10,,42,,
,,1,2,,,,1,,
,,1,1,,,,11,,
,,1,1,,,,2,,
,,1,2,,,,1,,
,,1,1,,,,8,,
,,1,1,,,,1,,
,,1,3,,,,8,,
,,1,1,,,,1,,
,,1,1,,1,,9,,
,,1,1,,,,1,,
,,1,3,,,,5,,
,,1,2,,2,,409,,
,,1,1,,,,1,,
,,1,1,,,,42,,
,,1,1,,10,,28,,
,,1,1,,5,,13,,
,,1,4,,1,,11,,
,,1,1,,2,,19,,
,,1,3,,115,,11,,
,,1,1,,46,,331,,
,,1,1,,,,1,,
,,1,2,,,,7,,
,,1,1,,,,8,,
,,1,5,,1,,11,,
,,1,1,,1,,6,,
,,1,1,,,,8,,
,,1,1,,,,2,,
,,1,16,,2,,5,,
,,1,1,,,,2,,
,,1,6,,4,,5,,
,,1,2,,4,,2,,
,,1,4,,22,,17,,
,,1,1,,2,,1,,
,,1,6,,74,,264,,
,,1,1,,1,,1,,
,,1,1,,1,,8,,
,,1,,,1229,,1250,,
,,1,,,3025,,2657,,
,,1,,,83,,84,,
,,1,,,605,,817,,
,,1,,,132,,257,,
,,1,,,125,,566,,
,,1,,,2,,51,,
,,1,,,676,,139,,
,,1,,,149,,481,,
,,1,,,4,,18,,
,,1,,,2,,2,,
,,1,,,2,,1,,
,,1,,,2,,3,,
,,1,,,2,,3,,
,,1,,,2,,1,,
,,1,,,2,,7,,
,,1,,,7,,14,,
,,1,,,3,,33,,
,,1,,,2,,7,,
,,1,,,3,,2,,
,,1,,,28,,4,,
,,1,,,2,,50,,
,,1,,,4,,17,,
,,1,,,2,,79,,
,,1,,,2,,1,,
,,1,,,3,,4,,
,,1,,,7,,40,,
,,1,,,2,,4,,
,,1,,,3,,5,,
,,1,,,7,,248,,
,,1,,,6,,220,,
,,1,,,6,,39,,
,,1,,,7,,32,,
,,1,,,15,,46,,
,,1,,,3,,33,,
,,1,,,17,,60,,
,,1,,,3,,29,,
,,1,,,2,,1,,
,,1,,,2,,11,,
,,1,,,6,,8,,
,,1,,,3,,7,,
,,1,,,3,,15,,
,,1,,,2,,10,,
,,1,,,60,,52,,
,,1,,,4,,7,,
,,1,,,15,,207,,
,,1,,,6,,36,,
,,1,,,2,,10,,
,,1,,,2,,6,,
,,1,,,2,,16,,
,,1,,,5,,42,,
,,1,,,15,,85,,
,,1,,,2,,1,,
,,1,,,5,,9,,
,,1,,,5,,4,,
,,1,,,7,,2,,
,,1,,,4,,3,,
,,1,,,125,,3,,
,,1,,,16,,120,,
,,1,,,13,,5,,
,,1,,,51,,2,,
,,1,,,7,,1,,
,,1,,,11,,7,,
,,1,,,3,,7,,
,,1,,,4,,15,,
,,1,,,5,,24,,
,,1,,,4,,4,,
,,1,,,4,,3,,
,,1,,,2,,1,,
,,1,,,3,,2,,
,,1,,,3,,21,,
,,1,,,5,,1,,
,,1,,,3,,3,,
,,1,,,2,,4,,
,,1,,,8,,38,,
,,1,,,5,,77,,
,,1,,,11,,5,,
,,1,,,2,,7,,
,,1,,,10,,4,,
,,1,,,5,,2,,
,,1,,,10,,4,,
,,1,,,3,,3,,
,,1,,,2,,7,,
,,1,,,2,,5,,
,,1,,,6,,17,,
,,1,,,2,,1,,
,,1,,,2,,1,,
,,1,,,2,,1,,
,,1,,,3,,5,,
,,1,,,1,,12,,
,,1,,,1,,2,,
,,1,,,1,,3,,
,,1,,,1,,1,,
,,1,,,1,,3,,
,,1,,,1,,2,,
,,1,,,1,,6,,
,,1,,,1,,4,,
,,1,,,1,,2,,
,,1,,,1,,7,,
,,1,,,1,,5,,
,,1,,,1,,2,,
,,1,,,1,,2,,
,,1,,,1,,8,,
,,1,,,1,,3,,
,,1,,,1,,6,,
,,1,,,1,,3,,
,,1,,,1,,45,,
,,1,,,1,,9,,
,,1,,,1,,3,,
,,1,,,1,,3,,
,,1,,,1,,3,,
,,1,,,1,,8,,
,,1,,,1,,6,,
,,1,,,1,,2,,
,,1,,,1,,24,,
,,1,,,1,,1,,
,,1,,,1,,4,,
,,1,,,1,,1,,
,,1,,,1,,2,,
,,1,,,1,,12,,
,,1,,,1,,6,,
,,1,,,1,,9,,
,,1,,,1,,6,,
,,1,,,1,,3,,
,,1,,,1,,5,,
,,1,,,1,,12,,
,,1,,,1,,17,,
,,1,,,1,,3,,
,,1,,,1,,3,,
,,1,,,1,,2,,
,,1,,,1,,10,,
,,1,,,1,,3,,
,,1,,,1,,1,,
,,1,,,1,,27,,
,,1,,,1,,1,,
,,1,,,1,,5,,
,,1,,,1,,1,,
,,1,,,1,,3,,
,,1,,,1,,1,,
,,1,,,1,,1,,
,,1,,,1,,3,,
,,2,,,,,51,,
,,1,,,,,89,,
,,1,,,,,4,,
,,1,,,,,4,,
,,1,,,,,4,,
,,1,,,,,5,,
,,1,,,,,4,,
,,1,,,,,5,,
,,1,,,,,4,,
,,1,,,,,4,,
,,1,,,,,5,,
,,1,,,,,4,,
,,1,,,,,8,,
,,1,,,,,4,,
,,1,,,,,7,,
,,1,,,,,8,,
,,1,,,,,6,,
,,1,,,,,4,,
,,1,,,,,7,,
,,1,,,,,4,,
,,1,,,,,5,,
,,1,,,,,4,,
,,1,,,,,4,,
,,1,,,,,5,,
,,1,,,,,13,,
,,1,,,,,5,,
,,1,,,,,21,,
,,1,,,,,7,,
,,1,,,,,6,,
,,1,,,,,158,,
,,1,,,,,5,,
,,1,,,,,4,,
,,1,,,,,5,,
,,1,,,,,10,,
,,1,,,,,9,,
,,1,,,,,4,,
,,1,,,,,4,,
,,1,,,,,74,,
,,1,,,,,5,,
,,1,,,,,6,,
,,1,,,,,7,,
,,1,,,,,25,,
,,1,,,,,11,,
,,1,,,,,7,,
,,1,,,,,14,,
,,1,,,,,10,,
,,1,,,,,9,,
,,1,,,,,4,,
,,1,,,,,6,,
,,1,,,,,5,,
,,1,,,,,5,,
,,1,,,,,6,,
,,1,,,,,26,,
,,1,,,,,5,,
,,1,,,,,8,,
,,1,,,,,41,,
,,1,,,,,4,,
,,1,,,,,4,,
,,1,,,,,4,,
,,1,,,,,5,,
,,1,,,,,5,,
,,1,,,,,6,,
,,1,,,,,6,,
,,1,,,,,4,,
,,1,,,,,20,,
,,1,,,,,6,,
,,1,,,,,4,,
,,1,,,,,9,,
,,1,,,,,19,,
,,1,,,,,13,,
,,1,,,,,12,,
,,1,,,,,30,,
,,1,,,,,5,,
,,1,,,,,6,,
,,1,,,,,6,,
,,1,,,,,5,,
,,1,,,,,8,,
,,1,,,,,4,,
,,1,,,,,19,,
,,1,,,,,4,,
,,1,,,,,8,,
,,1,,,,,4,,
,,1,,,,,10,,
,,1,,,,,10,,
,,1,,,,,3,,
,,1,,,,,3,,
,,1,,,,,3,,
,,1,,,,,3,,
,,1,,,,,3,,
,,1,,,,,3,,
,,1,,,,,3,,
,,1,,,,,3,,
,,1,,,,,3,,
,,1,,,,,3,,
,,1,,,,,3,,
,,1,,,,,3,,
,,1,,,,,3,,
,,1,,,,,3,,
,,1,,,,,3,,
,,1,,,,,3,,
,,1,,,,,3,,
,,1,,,,,3,,
,,1,,,,,3,,
,,1,,,,,3,,
,,1,,,,,3,,
,,1,,,,,3,,
,,1,,,,,3,,
,,1,,,,,3,,
,,1,,,,,3,,
,,1,,,,,3,,
,,1,,,,,3,,
,,1,,,,,3,,
,,1,,,,,3,,
,,1,,,,,3,,
,,1,,,,,3,,
,,1,,,,,3,,
,,1,,,,,3,,
,,1,,,,,3,,
,,1,,,,,2,,
,,1,,,,,2,,
,,1,,,,,2,,
,,1,,,,,2,,
,,1,,,,,2,,
,,1,,,,,2,,
,,1,,,,,2,,
,,1,,,,,2,,
,,1,,,,,2,,
,,1,,,,,2,,
,,1,,,,,2,,
,,1,,,,,2,,
,,1,,,,,2,,
,,1,,,,,2,,
,,1,,,,,2,,
,,1,,,,,2,,
,,1,,,,,2,,
,,1,,,,,2,,
,,1,,,,,2,,
,,1,,,,,2,,
,,1,,,,,2,,
,,1,,,,,2,,
,,1,,,,,2,,
,,1,,,,,2,,
,,1,,,,,2,,
,,1,,,,,2,,
,,1,,,,,2,,
,,1,,,,,2,,
,,1,,,,,2,,
,,1,,,,,2,,
,,1,,,,,2,,
,,1,,,,,2,,
,,1,,,,,2,,
,,1,,,,,2,,
,,1,,,,,2,,
,,1,,,,,2,,
,,1,,,,,2,,
,,1,,,,,2,,
,,1,,,,,2,,
,,1,,,,,2,,
,,1,,,,,2,,
,,1,,,,,2,,
,,1,,,,,2,,
,,1,,,,,2,,
,,1,,,,,2,,
,,1,,,,,2,,
,,1,,,,,1,,
,,1,,,,,1,,
,,1,,,,,1,,
,,1,,,,,1,,
,,1,,,,,1,,
,,1,,,,,1,,
,,1,,,,,1,,
,,1,,,,,1,,
,,1,,,,,1,,
,,1,,,,,1,,
,,1,,,,,1,,
,,1,,,,,1,,
,,1,,,,,1,,
,,1,,,,,1,,
,,1,,,,,1,,
,,1,,,,,1,,
,,1,,,,,1,,
,,1,,,,,1,,
,,1,,,,,1,,
,,1,,,,,1,,
,,1,,,,,1,,
,,1,,,,,1,,
,,1,,,,,1,,
,,1,,,,,1,,
,,1,,,,,1,,
,,1,,,,,1,,
,,1,,,,,1,,
,,1,,,,,1,,
,,1,,,,,1,,
,,1,,,,,1,,
,,1,,,,,1,,
,,1,,,,,1,,
,,1,,,,,1,,
,,1,,,,,1,,
,,1,,,,,1,,
,,1,,,,,1,,
,,1,,,,,1,,
,,1,,,,,1,,
,,1,,,,,1,,
,,1,,,,,1,,
,,1,,,,,1,,
,,1,,,,,1,,
,,1,,,,,1,,
,,1,,,,,1,,
,,1,,,,,1,,
,,1,,,,,1,,
,,1,,,,,1,,
,,1,,,,,1,,
,,1,,,,,1,,
,,1,,,,,1,,
,,1,,,,,1,,
,,1,,,,,1,,
,,1,,,,,1,,
,,1,,,,,1,,
,,1,,,,,1,,
,,1,,,,,1,,
,,1,,,,,1,,
,,1,,,,,1,,
,,1,,,,,1,,
,,1,,,,,1,,
,,1,,,,,1,,
,,1,,,,,1,,
,,1,,,,,1,,
,,1,,,,,1,,
,,1,,,,,1,,
,,1,,,,,1,,
,,1,,,,,1,,
,,1,,,,,1,,
,,1,,,,,1,,
,,1,,,,,1,,
,,1,,,,,1,,
,,1,,,,,1,,
,,1,,,,,1,,
,,1,,,,,1,,
,,1,,,,,1,,
,,1,,,,,1,,
,,1,,,,,1,,
,,1,,,,,1,,
,,1,,,,,1,,
,,1,,,,,1,,
,,1,,,,,1,,
,,1,,,,,1,,
,,1,,,,,1,,
,,1,,,,,1,,
,,1,,,,,1,,
,,1,,,,,1,,
,,1,,,,,1,,
,,1,,,,,1,,
,,1,,,,,1,,
,,1,,,,,1,,
,,1,,,,,1,,
,,1,,,,,1,,
,,1,,,,,1,,
,,1,,,,,1,,
,,1,,,,,1,,
,,1,,,,,1,,
,,1,,,,,1,,
,,1,,,,,1,,
,,1,,,,,1,,
,,1,,,,,1,,
,,1,,,,,1,,
,,1,,,,,1,,
,,1,,,,,1,,
,,1,,,,,1,,
,,1,,,,,1,,
,,1,,,,,1,,
,,1,,,,,1,,
,,1,,,,,1,,
,,1,,,,,1,,
,,1,,,,,1,,
,,1,,,,,1,,
,,1,,,,,1,,
,,1,,,,,1,,
,,1,,,,,1,,
,,1,,,,,1,,
,,1,,,,,1,,
,,1,,,,,1,,
,,1,,,,,1,,
,,1,,,,,1,,
,,1,,,,,1,,
,,1,,,,,1,,
,,1,,,,,1,,
,,1,,,,,1,,
,,1,,,,,1,,
,,1,,,,,1,,
,,1,,,,,1,,
,,1,,,,,1,,
,,1,,,,,1,,
,,1,,,,,1,,
,,1,,,,,1,,
,,1,,,,,1,,
,,1,,,,,1,,
,,1,,,,,1,,
,,1,,,,,1,,
,,1,,,,,1,,
2050823.535,,1,,,101,2050823.535,,,500
3625.925628,,1,,,,3625.925628,1,,50
213929.6121,,1,1,6,5,213929.6121,31,,4
20305.18352,,1,2,2,1,20305.18352,,,
20305.18352,,1,1,2,1,20305.18352,,,
3625.925628,,1,,2,,3625.925628,1,,
90648.1407,,1,5,2,,90648.1407,25,,
20305.18352,,1,4,5,1,20305.18352,,,
21755.55377,,1,1,,,21755.55377,6,,
20305.18352,,1,1,,1,20305.18352,,,
56564.4398,,1,1,,1,56564.4398,10,,
162441.4681,,1,1,,8,162441.4681,,,
348.0888603,,1,2,,,,,,
20305.18352,,1,1,,1,20305.18352,,,
116.0296201,,1,1,,,,,,
3625.925628,,1,1,,,3625.925628,1,,
18129.62814,,3,5,,,18129.62814,5,,
54388.88442,,1,1,,,54388.88442,15,,
119655.5457,,1,1,,5,119655.5457,5,,
3625.925628,,1,3,,,3625.925628,1,,
7251.851256,,1,1,,,7251.851256,2,,
286756328.3,,1,110,,13600,286756328.3,2925,,
3625.925628,,1,1,,,3625.925628,1,,
101525.9176,,1,2,,,101525.9176,,,
3625.925628,,1,4,,,3625.925628,1,,
15033087.65,,11,94,,,15033087.65,4146,,
7251.851256,,2,,,,7251.851256,2,,
1747696.153,,31,,,,1747696.153,482,,
1994259.095,,31,,,,1994259.095,550,,
1812962.814,,31,,,,1812962.814,500,,
5246714.384,,31,,,,5246714.384,1447,,
1798459.112,,31,,,,1798459.112,496,,
1965251.69,,31,,,,1965251.69,542,,
3625925.628,,31,,,,3625925.628,1000,,
3625.925628,,2,,,,3625.925628,1,,
928.2369608,,31,,,,,,,
3625.925628,,9,,,,3625.925628,1,,
3625.925628,,2,,,,3625.925628,1,,
3625.925628,,2,,,,3625.925628,1,,
9862.517708,,31,,,,,,,
1700559.12,,8,,,,1700559.12,469,,
2251699.815,,31,,,,2251699.815,621,,
10353419.44,,11,,,,10353419.44,,,
110228.1391,,124,,,4,110228.1391,8,,
62365.9208,,8,,,2,62365.9208,6,,
150838.5061,,1,,,6,150838.5061,8,,
186372.5773,,1,,,9,186372.5773,1,,
112403.6945,,1,,,5,112403.6945,3,,
248100.3352,,1,,,12,247288.1278,1,,
75419.25306,,1,,,3,75419.25306,4,,
3211844.921,,1,,,158,3211844.921,1,,
79045.17869,,1,,,3,79045.17869,5,,
208128.1311,,1,,,9,208128.1311,7,,
84846.6597,,1,,,4,84846.6597,1,,
247288.1278,,1,,,12,247288.1278,1,,
267593.3114,,1,,,13,267593.3114,1,,
153014.0615,,1,,,7,153014.0615,3,,
68167.40181,,1,,,3,68167.40181,2,,
287898.4949,,1,,,14,287898.4949,1,,
1131288.796,,1,,,20,1131288.796,200,,
84846.6597,,1,,,4,84846.6597,1,,
298776.2718,,1,,,14,298776.2718,4,,
406828.8555,,1,,,17,406828.8555,17,,
226982.9443,,1,,,11,226982.9443,1,,
250914.0535,,1,,,12,250914.0535,2,,
122556.2862,,1,,,3,122556.2862,17,,
105151.8432,,1,,,5,105151.8432,1,,
135609.6185,,1,,,4,135609.6185,15,,
365493.3033,,1,,,8,365493.3033,56,,
68167.40181,,1,,,3,68167.40181,2,,
152288.8764,,1,,,5,152288.8764,14,,
443088.1118,,1,,,12,443088.1118,55,,
258891.0898,,1,,,9,258891.0898,21,,
116029.6201,,1,,,5,116029.6201,4,,
86297.02995,,1,,,3,86297.02995,7,,
203051.8352,,1,,,5,203051.8352,28,,
184922.207,,1,,,5,184922.207,23,,
1155945.09,,1,,,38,1155945.09,106,,
194349.6137,,1,,,6,194349.6137,20,,
105151.8432,,1,,,5,105151.8432,1,,
210303.6864,,1,,,5,210303.6864,30,,
182021.4665,,1,,,7,182021.4665,11,,
591751.0625,,1,,,7,591751.0625,124,,
453240.7035,,1,,,15,453240.7035,41,,
292249.6056,,1,,,6,292249.6056,47,,
874573.2615,,1,,,7,874573.2615,202,,
229883.6848,,1,,,9,229883.6848,13,,
118930.3606,,1,,,3,118930.3606,16,,
689651.0545,,1,,,12,689651.0545,123,,
577247.36,,1,,,7,577247.36,120,,
633811.7998,,1,,,3,633811.7998,158,,
134159.2482,,1,,,5,134159.2482,9,,
125457.0267,,1,,,6,125457.0267,1,,
180571.0963,,1,,,3,180571.0963,33,,
68167.40181,,1,,,3,68167.40181,2,,
135609.6185,,1,,,4,135609.6185,15,,
68167.40181,,1,,,3,68167.40181,2,,
153014.0615,,1,,,7,153014.0615,3,,
191448.8732,,1,,,3,191448.8732,36,,
1121861.389,,1,,,29,1121861.389,147,,
84846.6597,,1,,,4,84846.6597,1,,
213929.6121,,1,,,5,213929.6121,31,,
591025.8774,,1,,,25,591025.8774,23,,
165342.2086,,1,,,6,165342.2086,12,,
99350.36221,,1,,,4,99350.36221,5,,
469919.9614,,1,,,16,469919.9614,40,,
681674.0181,,1,,,20,681674.0181,76,,
226982.9443,,1,,,11,226982.9443,1,,
254539.9791,,1,,,12,254539.9791,3,,
346638.49,,1,,,11,346638.49,34,,
1301707.3,,1,,,55,1301707.3,51,,
163891.8384,,1,,,7,163891.8384,6,,
2166127.97,,1,,,74,2166127.97,183,,
75419.25306,,1,,,3,75419.25306,4,,
2604864.971,,1,,,69,2604864.971,332,,
139960.7292,,1,,,6,139960.7292,5,,
2282157.59,,1,,,69,2282157.59,243,,
2543949.421,,1,,,76,2543949.421,276,,
289348.8651,,1,,,8,289348.8651,35,,
357516.2669,,1,,,11,357516.2669,37,,
559117.7319,,1,,,27,559117.7319,3,,
3027647.899,,1,,,10,3027647.899,779,,
11103309.46,,1,,,297,11103309.46,1399,,
3189364.182,,1,,,66,3189364.182,510,,
424233.2985,,1,,,20,424233.2985,5,,
79045.17869,,1,,,3,79045.17869,5,,
1829642.072,,1,,,41,1829642.072,275,,
1296631.005,,1,,,46,1296631.005,100,,
104426.6581,,1,,,3,104426.6581,12,,
1394530.997,,1,,,36,1394530.997,183,,
2806466.436,,1,,,95,2806466.436,242,,
1551170.984,,1,,,48,1551170.984,159,,
462668.1101,,1,,,16,462668.1101,38,,
1089953.244,,1,,,26,1089953.244,155,,
918809.5542,,1,,,19,918809.5542,147,,
375645.8951,,1,,,11,375645.8951,42,,
236410.351,,1,,,7,236410.351,26,,
1264722.859,,1,,,48,1264722.859,80,,
166067.3938,,1,,,8,166067.3938,1,,
100800.7325,,1,,,3,100800.7325,11,,
12993141.9,,1,,,124,12993141.9,2889,,
440187.3713,,1,,,19,440187.3713,15,,
326333.3065,,1,,,15,326333.3065,6,,
431485.1497,,1,,,10,431485.1497,63,,
3916724.863,,1,,,37,3916724.863,873,,
2084907.236,,1,,,60,2084907.236,239,,
206677.7608,,1,,,10,206677.7608,1,,
102976.2878,,1,,,4,102976.2878,6,,
102976.2878,,1,,,4,102976.2878,6,,
5040036.623,,1,,,225,5040036.623,130,,
819459.1919,,1,,,30,819459.1919,58,,
1520713.208,,1,,,49,1520713.208,145,,
588125.1369,,1,,,22,588125.1369,39,,
1360447.296,,1,,,57,1360447.296,56,,
1356821.37,,1,,,37,1356821.37,167,,
1368424.332,,1,,,44,1368424.332,131,,
2997190.124,,1,,,131,2997190.124,93,,
783199.9357,,1,,,10,783199.9357,160,,
292974.7908,,1,,,13,292974.7908,8,,
389424.4125,,1,,,19,389424.4125,1,,
1198731.013,,1,,,56,1198731.013,17,,
403928.115,,1,,,19,403928.115,5,,
168968.1343,,1,,,6,168968.1343,13,,
169693.3194,,1,,,8,169693.3194,2,,
277745.9031,,1,,,11,277745.9031,15,,
308928.8635,,1,,,12,308928.8635,18,,
362592.5628,,1,,,10,362592.5628,44,,
174044.4301,,1,,,5,174044.4301,20,,
79045.17869,,1,,,3,79045.17869,5,,
163166.6533,,1,,,5,163166.6533,17,,
1031938.434,,1,,,16,1031938.434,195,,
210303.6864,,1,,,5,210303.6864,30,,
190723.688,,1,,,6,190723.688,19,,
367668.8587,,1,,,9,367668.8587,51,,
367668.8587,,1,,,9,367668.8587,51,,
161716.283,,1,,,6,161716.283,11,,
1110258.427,,1,,,47,1110258.427,43,,
642514.0213,,1,,,17,642514.0213,82,,
1871702.809,,1,,,82,1871702.809,57,,
226982.9443,,1,,,11,226982.9443,1,,
116029.6201,,1,,,5,116029.6201,4,,
431485.1497,,1,,,5,431485.1497,91,,
738963.643,,1,,,23,738963.643,75,,
213204.4269,,1,,,8,213204.4269,14,,
532285.8822,,1,,,23,532285.8822,18,,
1025411.768,,1,,,28,1025411.768,126,,
1025411.768,,1,,,28,1025411.768,126,,
1498232.47,,1,,,62,1498232.47,66,,
265417.756,,1,,,7,265417.756,34,,
342287.3793,,1,,,4,342287.3793,72,,
308928.8635,,1,,,12,308928.8635,18,,
1735368.006,,1,,,46,1735368.006,221,,
312983373.6,,1,,,13402,312983373.6,11267,,
340837.009,,1,,,10,340837.009,38,,
383622.9315,,1,,,8,383622.9315,61,,
986251.7708,,1,,,35,986251.7708,76,,
100800.7325,,1,,,3,100800.7325,11,,
424233.2985,,1,,,15,424233.2985,33,,
383622.9315,,1,,,8,383622.9315,61,,
226982.9443,,1,,,11,226982.9443,1,,
394500.7083,,1,,,18,394500.7083,8,,
344462.9347,,1,,,5,344462.9347,67,,
751291.7901,,1,,,22,751291.7901,84,,
8473063.008,,1,,,353,8473063.008,360,,
717208.0892,,1,,,8,717208.0892,153,,
211754.0567,,1,,,9,211754.0567,8,,
160265.9128,,1,,,7,160265.9128,5,,
315455.5296,,1,,,10,315455.5296,31,,
160265.9128,,1,,,7,160265.9128,5,,
461217.7399,,1,,,12,461217.7399,60,,
99350.36221,,1,,,4,99350.36221,5,,
4767367.016,,1,,,113,4767367.016,682,,
96459774.3,,1,,,3673,96459774.3,6034,,
82671.10432,,1,,,3,82671.10432,6,,
75419.25306,,1,,,3,75419.25306,4,,
95724.43658,,1,,,4,95724.43658,4,,
75419.25306,,1,,,3,75419.25306,4,,
123281.4714,,1,,,5,123281.4714,6,,
75419.25306,,1,,,3,75419.25306,4,,
64541.47618,,1,,,3,64541.47618,1,,
677322.9073,,1,,,28,677322.9073,30,,
682399.2032,,1,,,32,682399.2032,9,,
64541.47618,,1,,,3,64541.47618,1,,
82671.10432,,1,,,3,82671.10432,6,,
240761.4617,,1,,,9,240761.4617,16,,
153014.0615,,1,,,7,153014.0615,3,,
471370.3317,,1,,,5,471370.3317,102,,
184197.0219,,1,,,8,184197.0219,6,,
424958.4836,,1,,,17,424958.4836,22,,
1000755.473,,1,,,40,1000755.473,52,,
620033.2824,,1,,,25,620033.2824,31,,
110228.1391,,1,,,4,110228.1391,8,,
223357.0187,,1,,,6,223357.0187,28,,
294425.161,,1,,,12,294425.161,14,,
200151.0947,,1,,,7,200151.0947,16,,
287173.3097,,1,,,12,287173.3097,12,,
3150929.371,,1,,,75,3150929.371,449,,
2137120.565,,1,,,29,2137120.565,427,,
71793.32744,,1,,,3,71793.32744,3,,
146487.3954,,1,,,4,146487.3954,18,,
756368.086,,1,,,31,756368.086,35,,
1071823.616,,1,,,41,1071823.616,66,,
119655.5457,,1,,,5,119655.5457,5,,
84846.6597,,1,,,4,84846.6597,1,,
189998.5029,,1,,,9,189998.5029,2,,
166792.5789,,1,,,5,166792.5789,18,,
68167.40181,,1,,,3,68167.40181,2,,
126907.397,,1,,,5,126907.397,7,,
121105.916,,1,,,4,121105.916,11,,
99350.36221,,1,,,4,99350.36221,5,,
75419.25306,,1,,,3,75419.25306,4,,
314730.3445,,1,,,3,314730.3445,70,,
382897.7463,,1,,,11,382897.7463,44,,
152288.8764,,1,,,5,152288.8764,14,,
380722.1909,,1,,,15,380722.1909,21,,
111678.5093,,1,,,3,111678.5093,14,,
267593.3114,,1,,,3,267593.3114,57,,
424233.2985,,1,,,5,424233.2985,89,,
351714.7859,,1,,,5,351714.7859,69,,
102976.2878,,1,,,4,102976.2878,6,,
129082.9524,,1,,,6,129082.9524,2,,
116029.6201,,1,,,5,116029.6201,4,,
209578.5013,,1,,,8,209578.5013,13,,
121105.916,,1,,,4,121105.916,11,,
99350.36221,,1,,,4,99350.36221,5,,
356065.8967,,1,,,12,356065.8967,31,,
137059.9887,,1,,,3,137059.9887,21,,
519957.7351,,1,,,19,519957.7351,37,,
631636.2444,,1,,,27,631636.2444,23,,
86297.02995,,1,,,3,86297.02995,7,,
233509.6104,,1,,,4,233509.6104,42,,
6808037.959,,1,,,306,6808037.959,164,,
419882.1877,,1,,,8,419882.1877,71,,
44236.29266,,1,,,2,44236.29266,1,,
44236.29266,,1,,,2,44236.29266,1,,
44236.29266,,1,,,2,44236.29266,1,,
51488.14392,,1,,,2,51488.14392,3,,
247288.1278,,1,,,2,247288.1278,57,,
91373.32583,,1,,,2,91373.32583,14,,
51488.14392,,1,,,2,51488.14392,3,,
58739.99518,,1,,,2,58739.99518,5,,
84121.47457,,1,,,2,84121.47457,12,,
51488.14392,,1,,,2,51488.14392,3,,
47862.21829,,1,,,2,47862.21829,2,,
51488.14392,,1,,,2,51488.14392,3,,
69617.77206,,1,,,2,69617.77206,8,,
73243.69769,,1,,,2,73243.69769,9,,
44236.29266,,1,,,2,44236.29266,1,,
51488.14392,,1,,,2,51488.14392,3,,
153014.0615,,1,,,2,153014.0615,31,,
44236.29266,,1,,,2,44236.29266,1,,
80495.54894,,1,,,2,80495.54894,11,,
55114.06955,,1,,,2,55114.06955,4,,
145762.2102,,1,,,2,145762.2102,29,,
55114.06955,,1,,,2,55114.06955,4,,
87747.4002,,1,,,2,87747.4002,13,,
69617.77206,,1,,,2,69617.77206,8,,
47862.21829,,1,,,2,47862.21829,2,,
153014.0615,,1,,,2,153014.0615,31,,
44236.29266,,1,,,2,44236.29266,1,,
44236.29266,,1,,,2,44236.29266,1,,
80495.54894,,1,,,2,80495.54894,11,,
51488.14392,,1,,,2,51488.14392,3,,
58739.99518,,1,,,2,58739.99518,5,,
47862.21829,,1,,,2,47862.21829,2,,
44236.29266,,1,,,2,44236.29266,1,,
44236.29266,,1,,,2,44236.29266,1,,
120380.7309,,1,,,2,120380.7309,22,,
80495.54894,,1,,,2,80495.54894,11,,
51488.14392,,1,,,2,51488.14392,3,,
58739.99518,,1,,,2,58739.99518,5,,
76869.62332,,1,,,2,76869.62332,10,,
182021.4665,,1,,,2,182021.4665,39,,
80495.54894,,1,,,2,80495.54894,11,,
55114.06955,,1,,,2,55114.06955,4,,
55114.06955,,1,,,2,55114.06955,4,,
80495.54894,,1,,,2,80495.54894,11,,
55114.06955,,1,,,2,55114.06955,4,,
65991.84643,,1,,,2,65991.84643,7,,
863695.4846,,1,,,2,863695.4846,227,,
91373.32583,,1,,,2,91373.32583,14,,
171143.6896,,1,,,2,171143.6896,36,,
109502.954,,1,,,2,109502.954,19,,
69617.77206,,1,,,2,69617.77206,8,,
138510.359,,1,,,2,138510.359,27,,
98625.17708,,1,,,2,98625.17708,16,,
127632.5821,,1,,,2,127632.5821,24,,
65991.84643,,1,,,2,65991.84643,7,,
23931.10915,,1,,,1,23931.10915,1,,
67442.21668,,1,,,1,67442.21668,13,,
23931.10915,,1,,,1,23931.10915,1,,
31182.9604,,1,,,1,31182.9604,3,,
23931.10915,,1,,,1,23931.10915,1,,
23931.10915,,1,,,1,23931.10915,1,,
23931.10915,,1,,,1,23931.10915,1,,
31182.9604,,1,,,1,31182.9604,3,,
34808.88603,,1,,,1,34808.88603,4,,
42060.73729,,1,,,1,42060.73729,6,,
89197.77045,,1,,,1,89197.77045,19,,
56564.4398,,1,,,1,56564.4398,10,,
23931.10915,,1,,,1,23931.10915,1,,
27557.03477,,1,,,1,27557.03477,2,,
23931.10915,,1,,,1,23931.10915,1,,
23931.10915,,1,,,1,23931.10915,1,,
42060.73729,,1,,,1,42060.73729,6,,
23931.10915,,1,,,1,23931.10915,1,,
38434.81166,,1,,,1,38434.81166,5,,
56564.4398,,1,,,1,56564.4398,10,,
121831.1011,,1,,,1,121831.1011,28,,
212479.2418,,1,,,1,212479.2418,53,,
85571.84482,,1,,,1,85571.84482,18,,
56564.4398,,1,,,1,56564.4398,10,,
110953.3242,,1,,,1,110953.3242,25,,
23931.10915,,1,,,1,23931.10915,1,,
74694.06794,,1,,,1,74694.06794,15,,
89197.77045,,1,,,1,89197.77045,19,,
52938.51417,,1,,,1,52938.51417,9,,
27557.03477,,1,,,1,27557.03477,2,,
31182.9604,,1,,,1,31182.9604,3,,
31182.9604,,1,,,1,31182.9604,3,,
132708.878,,1,,,1,132708.878,31,,
27557.03477,,1,,,1,27557.03477,2,,
81945.91919,,1,,,1,81945.91919,17,,
34808.88603,,1,,,1,34808.88603,4,,
31182.9604,,1,,,1,31182.9604,3,,
27557.03477,,1,,,1,27557.03477,2,,
38434.81166,,1,,,1,38434.81166,5,,
31182.9604,,1,,,1,31182.9604,3,,
52938.51417,,1,,,1,52938.51417,9,,
23931.10915,,1,,,1,23931.10915,1,,
110953.3242,,1,,,1,110953.3242,25,,
274119.9775,,1,,,1,274119.9775,70,,
52938.51417,,1,,,1,52938.51417,9,,
60190.36543,,1,,,1,60190.36543,11,,
34808.88603,,1,,,1,34808.88603,4,,
194349.6137,,1,,,1,194349.6137,48,,
23931.10915,,1,,,1,23931.10915,1,,
23931.10915,,1,,,1,23931.10915,1,,
27557.03477,,1,,,1,27557.03477,2,,
31182.9604,,1,,,1,31182.9604,3,,
27557.03477,,1,,,1,27557.03477,2,,
23931.10915,,1,,,1,23931.10915,1,,
52938.51417,,1,,,1,52938.51417,9,,
38434.81166,,1,,,1,38434.81166,5,,
27557.03477,,1,,,1,27557.03477,2,,
63816.29105,,1,,,1,63816.29105,12,,
49312.58854,,1,,,1,49312.58854,8,,
31182.9604,,1,,,1,31182.9604,3,,
255990.3493,,1,,,1,255990.3493,65,,
60190.36543,,1,,,1,60190.36543,11,,
31182.9604,,1,,,1,31182.9604,3,,
78319.99357,,1,,,1,78319.99357,16,,
27557.03477,,1,,,1,27557.03477,2,,
27557.03477,,1,,,1,27557.03477,2,,
23931.10915,,1,,,1,23931.10915,1,,
27557.03477,,1,,,1,27557.03477,2,,
23931.10915,,1,,,1,23931.10915,1,,
38434.81166,,1,,,1,38434.81166,5,,
92823.69608,,1,,,1,92823.69608,20,,
42060.73729,,1,,,1,42060.73729,6,,
31182.9604,,1,,,1,31182.9604,3,,
49312.58854,,1,,,1,49312.58854,8,,
67442.21668,,1,,,1,67442.21668,13,,
34808.88603,,1,,,1,34808.88603,4,,
42060.73729,,1,,,1,42060.73729,6,,
56564.4398,,1,,,1,56564.4398,10,,
38434.81166,,1,,,1,38434.81166,5,,
839764.3755,,1,,,1,839764.3755,226,,
45686.66291,,1,,,1,45686.66291,7,,
52938.51417,,1,,,1,52938.51417,9,,
139960.7292,,1,,,1,139960.7292,33,,
27557.03477,,1,,,1,27557.03477,2,,
38434.81166,,1,,,1,38434.81166,5,,
34808.88603,,1,,,1,34808.88603,4,,
38434.81166,,1,,,1,38434.81166,5,,
121831.1011,,1,,,6,121831.1011,,,
182746.6517,,1,,,9,182746.6517,,,
324882.9363,,1,,,16,324882.9363,,,
406103.6703,,1,,,20,406103.6703,,,
60915.55055,,1,,,3,60915.55055,,,
101525.9176,,1,,,5,101525.9176,,,
162441.4681,,1,,,8,162441.4681,,,
60915.55055,,1,,,3,60915.55055,,,
81220.73407,,1,,,4,81220.73407,,,
60915.55055,,1,,,3,60915.55055,,,
121831.1011,,1,,,6,121831.1011,,,
60915.55055,,1,,,3,60915.55055,,,
101525.9176,,1,,,5,101525.9176,,,
162441.4681,,1,,,8,162441.4681,,,
101525.9176,,1,,,5,101525.9176,,,
121831.1011,,1,,,6,121831.1011,,,
81220.73407,,1,,,4,81220.73407,,,
101525.9176,,1,,,5,101525.9176,,,
60915.55055,,1,,,3,60915.55055,,,
60915.55055,,1,,,3,60915.55055,,,
203051.8352,,1,,,10,203051.8352,,,
60915.55055,,1,,,3,60915.55055,,,
20630066.45,,1,,,1016,20630066.45,,,
60915.55055,,1,,,3,60915.55055,,,
4771718.127,,1,,,235,4771718.127,,,
142136.2846,,1,,,7,142136.2846,,,
467019.2209,,1,,,23,467019.2209,,,
60915.55055,,1,,,3,60915.55055,,,
507629.5879,,1,,,25,507629.5879,,,
1401057.663,,1,,,69,1401057.663,,,
121831.1011,,1,,,6,121831.1011,,,
81220.73407,,1,,,4,81220.73407,,,
304577.7528,,1,,,15,304577.7528,,,
629460.689,,1,,,31,629460.689,,,
81220.73407,,1,,,4,81220.73407,,,
81220.73407,,1,,,4,81220.73407,,,
345188.1198,,1,,,17,345188.1198,,,
121831.1011,,1,,,6,121831.1011,,,
60915.55055,,1,,,3,60915.55055,,,
60915.55055,,1,,,3,60915.55055,,,
60915.55055,,1,,,3,60915.55055,,,
60915.55055,,1,,,3,60915.55055,,,
101525.9176,,1,,,5,101525.9176,,,
60915.55055,,1,,,3,60915.55055,,,
324882.9363,,1,,,16,324882.9363,,,
243662.2022,,1,,,12,243662.2022,,,
142136.2846,,1,,,7,142136.2846,,,
365493.3033,,1,,,18,365493.3033,,,
162441.4681,,1,,,8,162441.4681,,,
954343.6253,,1,,,47,954343.6253,,,
20421.21314,,1,,,1,20305.18352,,,
223357.0187,,1,,,11,223357.0187,,,
142136.2846,,1,,,7,142136.2846,,,
20653.27238,,1,,,1,20305.18352,,,
162441.4681,,1,,,8,162441.4681,,,
60915.55055,,1,,,3,60915.55055,,,
60915.55055,,1,,,3,60915.55055,,,
446714.0374,,1,,,22,446714.0374,,,
81220.73407,,1,,,4,81220.73407,,,
60915.55055,,1,,,3,60915.55055,,,
60915.55055,,1,,,3,60915.55055,,,
203051.8352,,1,,,10,203051.8352,,,
60915.55055,,1,,,3,60915.55055,,,
81220.73407,,1,,,4,81220.73407,,,
324882.9363,,1,,,16,324882.9363,,,
5847892.853,,1,,,288,5847892.853,,,
60915.55055,,1,,,3,60915.55055,,,
60915.55055,,1,,,3,60915.55055,,,
81220.73407,,1,,,4,81220.73407,,,
507629.5879,,1,,,25,507629.5879,,,
81220.73407,,1,,,4,81220.73407,,,
588850.322,,1,,,29,588850.322,,,
568545.1385,,1,,,28,568545.1385,,,
182746.6517,,1,,,9,182746.6517,,,
121831.1011,,1,,,6,121831.1011,,,
223357.0187,,1,,,11,223357.0187,,,
507629.5879,,1,,,25,507629.5879,,,
142136.2846,,1,,,7,142136.2846,,,
81220.73407,,1,,,4,81220.73407,,,
5665146.201,,1,,,279,5665146.201,,,
29523736.83,,1,,,1454,29523736.83,,,
81220.73407,,1,,,4,81220.73407,,,
8568787.444,,1,,,422,8568787.444,,,
101525.9176,,1,,,5,101525.9176,,,
81220.73407,,1,,,4,81220.73407,,,
4446835.19,,1,,,219,4446835.19,,,
182746.6517,,1,,,9,182746.6517,,,
60915.55055,,1,,,3,60915.55055,,,
101525.9176,,1,,,5,101525.9176,,,
182746.6517,,1,,,9,182746.6517,,,
121831.1011,,1,,,6,121831.1011,,,
81220.73407,,1,,,4,81220.73407,,,
588850.322,,1,,,29,588850.322,,,
142136.2846,,1,,,7,142136.2846,,,
609155.5055,,1,,,30,609155.5055,,,
223357.0187,,1,,,11,223357.0187,,,
81220.73407,,1,,,4,81220.73407,,,
60915.55055,,1,,,3,60915.55055,,,
81220734.07,,1,,,4000,81220734.07,,,
40610.36703,,1,,,2,40610.36703,,,
40610.36703,,1,,,2,40610.36703,,,
40610.36703,,1,,,2,40610.36703,,,
40610.36703,,1,,,2,40610.36703,,,
40610.36703,,1,,,2,40610.36703,,,
40610.36703,,1,,,2,40610.36703,,,
40610.36703,,1,,,2,40610.36703,,,
40610.36703,,1,,,2,40610.36703,,,
40610.36703,,1,,,2,40610.36703,,,
40610.36703,,1,,,2,40610.36703,,,
40610.36703,,1,,,2,40610.36703,,,
40610.36703,,1,,,2,40610.36703,,,
40610.36703,,1,,,2,40610.36703,,,
40610.36703,,1,,,2,40610.36703,,,
40610.36703,,1,,,2,40610.36703,,,
40610.36703,,1,,,2,40610.36703,,,
40610.36703,,1,,,2,40610.36703,,,
40610.36703,,1,,,2,40610.36703,,,
40610.36703,,1,,,2,40610.36703,,,
40610.36703,,1,,,2,40610.36703,,,
40610.36703,,1,,,2,40610.36703,,,
40610.36703,,1,,,2,40610.36703,,,
40610.36703,,1,,,2,40610.36703,,,
40610.36703,,1,,,2,40610.36703,,,
40610.36703,,1,,,2,40610.36703,,,
40610.36703,,1,,,2,40610.36703,,,
40610.36703,,1,,,2,40610.36703,,,
40610.36703,,1,,,2,40610.36703,,,
40610.36703,,1,,,2,40610.36703,,,
40610.36703,,1,,,2,40610.36703,,,
40610.36703,,1,,,2,40610.36703,,,
40610.36703,,1,,,2,40610.36703,,,
40610.36703,,1,,,2,40610.36703,,,
40610.36703,,1,,,2,40610.36703,,,
40610.36703,,1,,,2,40610.36703,,,
40610.36703,,1,,,2,40610.36703,,,
40610.36703,,1,,,2,40610.36703,,,
40610.36703,,1,,,2,40610.36703,,,
40610.36703,,1,,,2,40610.36703,,,
40610.36703,,1,,,2,40610.36703,,,
40610.36703,,1,,,2,40610.36703,,,
20305.18352,,1,,,1,20305.18352,,,
20305.18352,,1,,,1,20305.18352,,,
20305.18352,,1,,,1,20305.18352,,,
20305.18352,,1,,,1,20305.18352,,,
20305.18352,,1,,,1,20305.18352,,,
20305.18352,,1,,,1,20305.18352,,,
20305.18352,,1,,,1,20305.18352,,,
20305.18352,,1,,,1,20305.18352,,,
20305.18352,,1,,,1,20305.18352,,,
20305.18352,,1,,,1,20305.18352,,,
20305.18352,,1,,,1,20305.18352,,,
20305.18352,,1,,,1,20305.18352,,,
20305.18352,,1,,,1,20305.18352,,,
20305.18352,,1,,,1,20305.18352,,,
20305.18352,,1,,,1,20305.18352,,,
20305.18352,,1,,,1,20305.18352,,,
20305.18352,,1,,,1,20305.18352,,,
20305.18352,,1,,,1,20305.18352,,,
20305.18352,,1,,,1,20305.18352,,,
20305.18352,,1,,,1,20305.18352,,,
20305.18352,,1,,,1,20305.18352,,,
20305.18352,,1,,,1,20305.18352,,,
20305.18352,,1,,,1,20305.18352,,,
20305.18352,,1,,,1,20305.18352,,,
20305.18352,,1,,,1,20305.18352,,,
20305.18352,,1,,,1,20305.18352,,,
20305.18352,,1,,,1,20305.18352,,,
20305.18352,,1,,,1,20305.18352,,,
20305.18352,,1,,,1,20305.18352,,,
20305.18352,,1,,,1,20305.18352,,,
20305.18352,,1,,,1,20305.18352,,,
20305.18352,,1,,,1,20305.18352,,,
20305.18352,,1,,,1,20305.18352,,,
20305.18352,,1,,,1,20305.18352,,,
20305.18352,,1,,,1,20305.18352,,,
20305.18352,,1,,,1,20305.18352,,,
20305.18352,,1,,,1,20305.18352,,,
20305.18352,,1,,,1,20305.18352,,,
20305.18352,,1,,,1,20305.18352,,,
20305.18352,,1,,,1,20305.18352,,,
20305.18352,,1,,,1,20305.18352,,,
20305.18352,,1,,,1,20305.18352,,,
20305.18352,,1,,,1,20305.18352,,,
20305.18352,,1,,,1,20305.18352,,,
20305.18352,,1,,,1,20305.18352,,,
20305.18352,,1,,,1,20305.18352,,,
20305.18352,,1,,,1,20305.18352,,,
20305.18352,,1,,,1,20305.18352,,,
20305.18352,,1,,,1,20305.18352,,,
20305.18352,,1,,,1,20305.18352,,,
20305.18352,,1,,,1,20305.18352,,,
20305.18352,,1,,,1,20305.18352,,,
20305.18352,,1,,,1,20305.18352,,,
20305.18352,,1,,,1,20305.18352,,,
20305.18352,,1,,,1,20305.18352,,,
20305.18352,,1,,,1,20305.18352,,,
20305.18352,,1,,,1,20305.18352,,,
20305.18352,,1,,,1,20305.18352,,,
20305.18352,,1,,,1,20305.18352,,,
20305.18352,,1,,,1,20305.18352,,,
20305.18352,,1,,,1,20305.18352,,,
20305.18352,,1,,,1,20305.18352,,,
20305.18352,,1,,,1,20305.18352,,,
20305.18352,,1,,,1,20305.18352,,,
20305.18352,,1,,,1,20305.18352,,,
20305.18352,,1,,,1,20305.18352,,,
20305.18352,,1,,,1,20305.18352,,,
20305.18352,,1,,,1,20305.18352,,,
20305.18352,,1,,,1,20305.18352,,,
20305.18352,,1,,,1,20305.18352,,,
20305.18352,,1,,,1,20305.18352,,,
20305.18352,,1,,,1,20305.18352,,,
20305.18352,,1,,,1,20305.18352,,,
20305.18352,,1,,,1,20305.18352,,,
20305.18352,,1,,,1,20305.18352,,,
20305.18352,,1,,,1,20305.18352,,,
20305.18352,,1,,,1,20305.18352,,,
20305.18352,,1,,,1,20305.18352,,,
20305.18352,,1,,,1,20305.18352,,,
20305.18352,,1,,,1,20305.18352,,,
20305.18352,,1,,,1,20305.18352,,,
20305.18352,,1,,,1,20305.18352,,,
20305.18352,,1,,,1,20305.18352,,,
20305.18352,,1,,,1,20305.18352,,,
20305.18352,,1,,,1,20305.18352,,,
20305.18352,,1,,,1,20305.18352,,,
20305.18352,,1,,,1,20305.18352,,,
20305.18352,,1,,,1,20305.18352,,,
20305.18352,,1,,,1,20305.18352,,,
20305.18352,,1,,,1,20305.18352,,,
20305.18352,,1,,,1,20305.18352,,,
20305.18352,,1,,,1,20305.18352,,,
20305.18352,,1,,,1,20305.18352,,,
20305.18352,,1,,,1,20305.18352,,,
20305.18352,,1,,,1,20305.18352,,,
20305.18352,,1,,,1,20305.18352,,,
20305.18352,,1,,,1,20305.18352,,,
20305.18352,,1,,,1,20305.18352,,,
20305.18352,,1,,,1,20305.18352,,,
20305.18352,,1,,,1,20305.18352,,,
20305.18352,,1,,,1,20305.18352,,,
20305.18352,,1,,,1,20305.18352,,,
20305.18352,,1,,,1,20305.18352,,,
20305.18352,,1,,,1,20305.18352,,,
20305.18352,,1,,,1,20305.18352,,,
20305.18352,,1,,,1,20305.18352,,,
20305.18352,,1,,,1,20305.18352,,,
20305.18352,,1,,,1,20305.18352,,,
20305.18352,,1,,,1,20305.18352,,,
20305.18352,,1,,,1,20305.18352,,,
20305.18352,,1,,,1,20305.18352,,,
20305.18352,,1,,,1,20305.18352,,,
20305.18352,,1,,,1,20305.18352,,,
20305.18352,,1,,,1,20305.18352,,,
20305.18352,,1,,,1,20305.18352,,,
20305.18352,,1,,,1,20305.18352,,,
20305.18352,,1,,,1,20305.18352,,,
20305.18352,,1,,,1,20305.18352,,,
20305.18352,,1,,,1,20305.18352,,,
20305.18352,,1,,,1,20305.18352,,,
20305.18352,,1,,,1,20305.18352,,,
20305.18352,,1,,,1,20305.18352,,,
20305.18352,,1,,,1,20305.18352,,,
20305.18352,,1,,,1,20305.18352,,,
20305.18352,,1,,,1,20305.18352,,,
20305.18352,,1,,,1,20305.18352,,,
20305.18352,,1,,,1,20305.18352,,,
20305.18352,,1,,,1,20305.18352,,,
20305.18352,,1,,,1,20305.18352,,,
20305.18352,,1,,,1,20305.18352,,,
20305.18352,,1,,,1,20305.18352,,,
20305.18352,,1,,,1,20305.18352,,,
20305.18352,,1,,,1,20305.18352,,,
20305.18352,,1,,,1,20305.18352,,,
20305.18352,,1,,,1,20305.18352,,,
20305.18352,,1,,,1,20305.18352,,,
20305.18352,,1,,,1,20305.18352,,,
20305.18352,,1,,,1,20305.18352,,,
20305.18352,,1,,,1,20305.18352,,,
20305.18352,,1,,,1,20305.18352,,,
20305.18352,,1,,,1,20305.18352,,,
20305.18352,,1,,,1,20305.18352,,,
20305.18352,,1,,,1,20305.18352,,,
20305.18352,,1,,,1,20305.18352,,,
20305.18352,,1,,,1,20305.18352,,,
20305.18352,,1,,,1,20305.18352,,,
20305.18352,,1,,,1,20305.18352,,,
20305.18352,,1,,,1,20305.18352,,,
20305.18352,,1,,,1,20305.18352,,,
20305.18352,,1,,,1,20305.18352,,,
20305.18352,,1,,,1,20305.18352,,,
20305.18352,,1,,,1,20305.18352,,,
20305.18352,,1,,,1,20305.18352,,,
20305.18352,,1,,,1,20305.18352,,,
20305.18352,,1,,,1,20305.18352,,,
20305.18352,,1,,,1,20305.18352,,,
20305.18352,,1,,,1,20305.18352,,,
20305.18352,,1,,,1,20305.18352,,,
20305.18352,,1,,,1,20305.18352,,,
20305.18352,,1,,,1,20305.18352,,,
20305.18352,,1,,,1,20305.18352,,,
20305.18352,,1,,,1,20305.18352,,,
20305.18352,,1,,,1,20305.18352,,,
20305.18352,,1,,,1,20305.18352,,,
20305.18352,,1,,,1,20305.18352,,,
7251.851256,,1,,,,7251.851256,2,,
7251.851256,,1,,,,7251.851256,2,,
7251.851256,,1,,,,7251.851256,2,,
7251.851256,,1,,,,7251.851256,2,,
7251.851256,,1,,,,7251.851256,2,,
7251.851256,,1,,,,7251.851256,2,,
7251.851256,,1,,,,7251.851256,2,,
7251.851256,,1,,,,7251.851256,2,,
7251.851256,,1,,,,7251.851256,2,,
7251.851256,,1,,,,7251.851256,2,,
7251.851256,,1,,,,7251.851256,2,,
7251.851256,,1,,,,7251.851256,2,,
7251.851256,,1,,,,7251.851256,2,,
7251.851256,,1,,,,7251.851256,2,,
7251.851256,,1,,,,7251.851256,2,,
7251.851256,,1,,,,7251.851256,2,,
7251.851256,,1,,,,7251.851256,2,,
7251.851256,,1,,,,7251.851256,2,,
7251.851256,,1,,,,7251.851256,2,,
7251.851256,,1,,,,7251.851256,2,,
7251.851256,,1,,,,7251.851256,2,,
7251.851256,,1,,,,7251.851256,2,,
7251.851256,,1,,,,7251.851256,2,,
7251.851256,,1,,,,7251.851256,2,,
7251.851256,,1,,,,7251.851256,2,,
7251.851256,,1,,,,7251.851256,2,,
7251.851256,,1,,,,7251.851256,2,,
7251.851256,,1,,,,7251.851256,2,,
7251.851256,,1,,,,7251.851256,2,,
7251.851256,,1,,,,7251.851256,2,,
7251.851256,,1,,,,7251.851256,2,,
7251.851256,,1,,,,7251.851256,2,,
7251.851256,,1,,,,7251.851256,2,,
7251.851256,,1,,,,7251.851256,2,,
7251.851256,,1,,,,7251.851256,2,,
7251.851256,,1,,,,7251.851256,2,,
7251.851256,,1,,,,7251.851256,2,,
7251.851256,,1,,,,7251.851256,2,,
7251.851256,,1,,,,7251.851256,2,,
7251.851256,,1,,,,7251.851256,2,,
7251.851256,,1,,,,7251.851256,2,,
7251.851256,,1,,,,7251.851256,2,,
7251.851256,,1,,,,7251.851256,2,,
7251.851256,,1,,,,7251.851256,2,,
7251.851256,,1,,,,7251.851256,2,,
7251.851256,,1,,,,7251.851256,2,,
7251.851256,,1,,,,7251.851256,2,,
7251.851256,,1,,,,7251.851256,2,,
7251.851256,,1,,,,7251.851256,2,,
10877.77688,,1,,,,10877.77688,3,,
26374983.02,,1,,,,26374983.02,7274,,
5438888.442,,1,,,,5438888.442,1500,,
1812962.814,,1,,,,1812962.814,500,,
1925366.509,,1,,,,1925366.509,531,,
1812962.814,,1,,,,1812962.814,500,,
1812962.814,,1,,,,1812962.814,500,,
1269073.97,,1,,,,1269073.97,350,,
2001510.947,,1,,,,2001510.947,552,,
1000755.473,,1,,,,1000755.473,276,,
1812962.814,,1,,,,1812962.814,500,,
3625925.628,,1,,,,3625925.628,1000,,
1823840.591,,1,,,,1823840.591,503,,
2175555.377,,1,,,,2175555.377,600,,
5620184.724,,1,,,,5620184.724,1550,,
1812962.814,,1,,,,1812962.814,500,,
1910862.806,,1,,,,1910862.806,527,,
1812962.814,,1,,,,1812962.814,500,,
1932618.36,,1,,,,1932618.36,533,,
1062396.209,,1,,,,1062396.209,293,,
1762199.855,,1,,,,1762199.855,486,,
8774740.02,,1,,,,8774740.02,2420,,
1501133.21,,1,,,,1501133.21,414,,
5612932.872,,1,,,,5612932.872,1548,,
3625925.628,,1,,,,3625925.628,1000,,
2378607.212,,1,,,,2378607.212,656,,
1091403.614,,1,,,,1091403.614,301,,
1812962.814,,1,,,,1812962.814,500,,
8136577.109,,1,,,,8136577.109,2244,,
1812962.814,,1,,,,1812962.814,500,,
1812962.814,,1,,,,1812962.814,500,,
1453996.177,,1,,,,1453996.177,401,,
4470766.299,,1,,,,4470766.299,1233,,
1812962.814,,1,,,,1812962.814,500,,
1812962.814,,1,,,,1812962.814,500,,
1812962.814,,1,,,,1812962.814,500,,
1812962.814,,1,,,,1812962.814,500,,
1994259.095,,1,,,,1994259.095,550,,
348.0888603,,1,,,,,,,
3807221.909,,1,,,,3807221.909,1050,,
3031273.825,,1,,,,3031273.825,836,,
29007.40502,,1,,,,29007.40502,8,,
934.6830508,,1,,,,,,,
62439083.39,,1,,,,62439083.39,,,
380.8833432,,1,,,,,,,
3741.955248,,1,,,,3625.925628,1,,
141411.0995,,1,,,,141411.0995,39,,
467.3415254,,1,,,,,,,
116.0296201,,1,,,,,,,
116.0296201,,1,,,,,,,
2336.707627,,1,,,,,,,
232.0592402,,1,,,,,,,
116.0296201,,1,,,,,,,
232.0592402,,1,,,,,,,
116.0296201,,1,,,,,,,
232.0592402,,1,,,,,,,
348.0888603,,1,,,,,,,
348.0888603,,1,,,,,,,
1276.325821,,1,,,,,,,
232.0592402,,1,,,,,,,
348.0888603,,1,,,,,,,
116.0296201,,1,,,,,,,
116.0296201,,1,,,,,,,
232.0592402,,1,,,,,,,
116.0296201,,1,,,,,,,
116.0296201,,1,,,,,,,
54388.88442,,1,,,,54388.88442,15,,
116.0296201,,1,,,,,,,
116.0296201,,1,,,,,,,
232.0592402,,1,,,,,,,
10877.77688,,1,,,,10877.77688,3,,
10877.77688,,1,,,,10877.77688,3,,
10877.77688,,1,,,,10877.77688,3,,
14503.70251,,1,,,,14503.70251,4,,
464.1184804,,1,,,,,,,
232.0592402,,1,,,,,,,
315455.5296,,1,,,,315455.5296,87,,
116.0296201,,1,,,,,,,
7817495.654,,1,,,,7817495.654,2156,,
116.0296201,,1,,,,,,,
65266.66131,,1,,,,65266.66131,18,,
232.0592402,,1,,,,,,,
18129.62814,,1,,,,18129.62814,5,,
21755.55377,,1,,,,21755.55377,6,,
21755.55377,,1,,,,21755.55377,6,,
21755.55377,,1,,,,21755.55377,6,,
21755.55377,,1,,,,21755.55377,6,,
21755.55377,,1,,,,21755.55377,6,,
217555.5377,,1,,,,217555.5377,60,,
10877.77688,,1,,,,10877.77688,3,,
10877.77688,,1,,,,10877.77688,3,,
14503.70251,,1,,,,14503.70251,4,,
10877.77688,,1,,,,10877.77688,3,,
10877.77688,,1,,,,10877.77688,3,,
14503.70251,,1,,,,14503.70251,4,,
10877.77688,,1,,,,10877.77688,3,,
14503.70251,,1,,,,14503.70251,4,,
10877.77688,,1,,,,10877.77688,3,,
76144.43819,,1,,,,76144.43819,21,,
21755.55377,,1,,,,21755.55377,6,,
10877.77688,,1,,,,10877.77688,3,,
14503.70251,,1,,,,14503.70251,4,,
10877.77688,,1,,,,10877.77688,3,,
14503.70251,,1,,,,14503.70251,4,,
10877.77688,,1,,,,10877.77688,3,,
10877.77688,,1,,,,10877.77688,3,,
21755.55377,,1,,,,21755.55377,6,,
141411.0995,,1,,,,141411.0995,39,,
10877.77688,,1,,,,10877.77688,3,,
79770.36382,,1,,,,79770.36382,22,,
14503.70251,,1,,,,14503.70251,4,,
25381.4794,,1,,,,25381.4794,7,,
72518.51256,,1,,,,72518.51256,20,,
21755.55377,,1,,,,21755.55377,6,,
10877.77688,,1,,,,10877.77688,3,,
10877.77688,,1,,,,10877.77688,3,,
25381.4794,,1,,,,25381.4794,7,,
14503.70251,,1,,,,14503.70251,4,,
97899.99196,,1,,,,97899.99196,27,,
54388.88442,,1,,,,54388.88442,15,,
32633.33065,,1,,,,32633.33065,9,,
221181.4633,,1,,,,221181.4633,61,,
184922.207,,1,,,,184922.207,51,,
1472125.805,,1,,,,1472125.805,406,,
18129.62814,,1,,,,18129.62814,5,,
10877.77688,,1,,,,10877.77688,3,,
36259.25628,,1,,,,36259.25628,10,,
14503.70251,,1,,,,14503.70251,4,,
21755.55377,,1,,,,21755.55377,6,,
54388.88442,,1,,,,54388.88442,15,,
101525.9176,,1,,,,101525.9176,28,,
65266.66131,,1,,,,65266.66131,18,,
10877.77688,,1,,,,10877.77688,3,,
68892.58693,,1,,,,68892.58693,19,,
279196.2734,,1,,,,279196.2734,77,,
65266.66131,,1,,,,65266.66131,18,,
18129.62814,,1,,,,18129.62814,5,,
50762.95879,,1,,,,50762.95879,14,,
61640.73568,,1,,,,61640.73568,17,,
39885.18191,,1,,,,39885.18191,11,,
14503.70251,,1,,,,14503.70251,4,,
58014.81005,,1,,,,58014.81005,16,,
58014.81005,,1,,,,58014.81005,16,,
43511.10754,,1,,,,43511.10754,12,,
18129.62814,,1,,,,18129.62814,5,,
25381.4794,,1,,,,25381.4794,7,,
14503.70251,,1,,,,14503.70251,4,,
18129.62814,,1,,,,18129.62814,5,,
18129.62814,,1,,,,18129.62814,5,,
141411.0995,,1,,,,141411.0995,39,,
39885.18191,,1,,,,39885.18191,11,,
25381.4794,,1,,,,25381.4794,7,,
10877.77688,,1,,,,10877.77688,3,,
32633.33065,,1,,,,32633.33065,9,,
68892.58693,,1,,,,68892.58693,19,,
18129.62814,,1,,,,18129.62814,5,,
68892.58693,,1,,,,68892.58693,19,,
261066.6452,,1,,,,261066.6452,72,,
10877.77688,,1,,,,10877.77688,3,,
29007.40502,,1,,,,29007.40502,8,,
18129.62814,,1,,,,18129.62814,5,,
18129.62814,,1,,,,18129.62814,5,,
76144.43819,,1,,,,76144.43819,21,,
949992.5146,,1,,,,949992.5146,262,,
10877.77688,,1,,,,10877.77688,3,,
268318.4965,,1,,,,268318.4965,74,,
29007.40502,,1,,,,29007.40502,8,,
2335096.104,,1,,,,2335096.104,644,,
39885.18191,,1,,,,39885.18191,11,,
953618.4402,,1,,,,953618.4402,263,,
18129.62814,,1,,,,18129.62814,5,,
32633.33065,,1,,,,32633.33065,9,,
32633.33065,,1,,,,32633.33065,9,,
90648.1407,,1,,,,90648.1407,25,,
10877.77688,,1,,,,10877.77688,3,,
10877.77688,,1,,,,10877.77688,3,,
68892.58693,,1,,,,68892.58693,19,,
18129.62814,,1,,,,18129.62814,5,,
32633.33065,,1,,,,32633.33065,9,,
18129.62814,,1,,,,18129.62814,5,,
768696.2332,,1,,,,768696.2332,212,,
14503.70251,,1,,,,14503.70251,4,,
25381.4794,,1,,,,25381.4794,7,,
47137.03317,,1,,,,47137.03317,13,,
18129.62814,,1,,,,18129.62814,5,,
794077.7126,,1,,,,794077.7126,219,,
83396.28945,,1,,,,83396.28945,23,,
21755.55377,,1,,,,21755.55377,6,,
242937.0171,,1,,,,242937.0171,67,,
36259.25628,,1,,,,36259.25628,10,,
10877.77688,,1,,,,10877.77688,3,,
87022.21507,,1,,,,87022.21507,24,,
25381.4794,,1,,,,25381.4794,7,,
39885.18191,,1,,,,39885.18191,11,,
50762.95879,,1,,,,50762.95879,14,,
10877.77688,,1,,,,10877.77688,3,,
47137.03317,,1,,,,47137.03317,13,,
14503.70251,,1,,,,14503.70251,4,,
794077.7126,,1,,,,794077.7126,219,,
18129.62814,,1,,,,18129.62814,5,,
18129.62814,,1,,,,18129.62814,5,,
3625.925628,,1,,,,3625.925628,1,,
3625.925628,,1,,,,3625.925628,1,,
3625.925628,,1,,,,3625.925628,1,,
3625.925628,,1,,,,3625.925628,1,,
3625.925628,,1,,,,3625.925628,1,,
3625.925628,,1,,,,3625.925628,1,,
3625.925628,,1,,,,3625.925628,1,,
3625.925628,,1,,,,3625.925628,1,,
3625.925628,,1,,,,3625.925628,1,,
3625.925628,,1,,,,3625.925628,1,,
3625.925628,,1,,,,3625.925628,1,,
3625.925628,,1,,,,3625.925628,1,,
3625.925628,,1,,,,3625.925628,1,,
3625.925628,,1,,,,3625.925628,1,,
3625.925628,,1,,,,3625.925628,1,,
3625.925628,,1,,,,3625.925628,1,,
3625.925628,,1,,,,3625.925628,1,,
3625.925628,,1,,,,3625.925628,1,,
3625.925628,,1,,,,3625.925628,1,,
3625.925628,,1,,,,3625.925628,1,,
3625.925628,,1,,,,3625.925628,1,,
3625.925628,,1,,,,3625.925628,1,,
3625.925628,,1,,,,3625.925628,1,,
3625.925628,,1,,,,3625.925628,1,,
3625.925628,,1,,,,3625.925628,1,,
3625.925628,,1,,,,3625.925628,1,,
3625.925628,,1,,,,3625.925628,1,,
3625.925628,,1,,,,3625.925628,1,,
3625.925628,,1,,,,3625.925628,1,,
3625.925628,,1,,,,3625.925628,1,,
3625.925628,,1,,,,3625.925628,1,,
3625.925628,,1,,,,3625.925628,1,,
3625.925628,,1,,,,3625.925628,1,,
3625.925628,,1,,,,3625.925628,1,,
3625.925628,,1,,,,3625.925628,1,,
3625.925628,,1,,,,3625.925628,1,,
3625.925628,,1,,,,3625.925628,1,,
3625.925628,,1,,,,3625.925628,1,,
3625.925628,,1,,,,3625.925628,1,,
3625.925628,,1,,,,3625.925628,1,,
3625.925628,,1,,,,3625.925628,1,,
3625.925628,,1,,,,3625.925628,1,,
3625.925628,,1,,,,3625.925628,1,,
3625.925628,,1,,,,3625.925628,1,,
3625.925628,,1,,,,3625.925628,1,,
3625.925628,,1,,,,3625.925628,1,,
3625.925628,,1,,,,3625.925628,1,,
3625.925628,,1,,,,3625.925628,1,,
3625.925628,,1,,,,3625.925628,1,,
3625.925628,,1,,,,3625.925628,1,,
3625.925628,,1,,,,3625.925628,1,,
3625.925628,,1,,,,3625.925628,1,,
3625.925628,,1,,,,3625.925628,1,,
3625.925628,,1,,,,3625.925628,1,,
3625.925628,,1,,,,3625.925628,1,,
3625.925628,,1,,,,3625.925628,1,,
3625.925628,,1,,,,3625.925628,1,,
3625.925628,,1,,,,3625.925628,1,,
3625.925628,,1,,,,3625.925628,1,,
3625.925628,,1,,,,3625.925628,1,,
3625.925628,,1,,,,3625.925628,1,,
3625.925628,,1,,,,3625.925628,1,,
3625.925628,,1,,,,3625.925628,1,,
3625.925628,,1,,,,3625.925628,1,,
3625.925628,,1,,,,3625.925628,1,,
3625.925628,,1,,,,3625.925628,1,,
3625.925628,,1,,,,3625.925628,1,,
3625.925628,,1,,,,3625.925628,1,,
3625.925628,,1,,,,3625.925628,1,,
3625.925628,,1,,,,3625.925628,1,,
3625.925628,,1,,,,3625.925628,1,,
3625.925628,,1,,,,3625.925628,1,,
3625.925628,,1,,,,3625.925628,1,,
3625.925628,,1,,,,3625.925628,1,,
3625.925628,,1,,,,3625.925628,1,,
3625.925628,,1,,,,3625.925628,1,,
3625.925628,,1,,,,3625.925628,1,,
3625.925628,,1,,,,3625.925628,1,,
3625.925628,,1,,,,3625.925628,1,,
3625.925628,,1,,,,3625.925628,1,,
3625.925628,,1,,,,3625.925628,1,,
3625.925628,,1,,,,3625.925628,1,,
3625.925628,,1,,,,3625.925628,1,,
3625.925628,,1,,,,3625.925628,1,,
3625.925628,,1,,,,3625.925628,1,,
3625.925628,,1,,,,3625.925628,1,,
3625.925628,,1,,,,3625.925628,1,,
3625.925628,,1,,,,3625.925628,1,,
3625.925628,,1,,,,3625.925628,1,,
3625.925628,,1,,,,3625.925628,1,,
3625.925628,,1,,,,3625.925628,1,,
3625.925628,,1,,,,3625.925628,1,,
3625.925628,,1,,,,3625.925628,1,,
3625.925628,,1,,,,3625.925628,1,,
3625.925628,,1,,,,3625.925628,1,,
3625.925628,,1,,,,3625.925628,1,,
3625.925628,,1,,,,3625.925628,1,,
3625.925628,,1,,,,3625.925628,1,,
3625.925628,,1,,,,3625.925628,1,,
3625.925628,,1,,,,3625.925628,1,,
3625.925628,,1,,,,3625.925628,1,,
3625.925628,,1,,,,3625.925628,1,,
3625.925628,,1,,,,3625.925628,1,,
3625.925628,,1,,,,3625.925628,1,,
3625.925628,,1,,,,3625.925628,1,,
3625.925628,,1,,,,3625.925628,1,,
3625.925628,,1,,,,3625.925628,1,,
3625.925628,,1,,,,3625.925628,1,,
3625.925628,,1,,,,3625.925628,1,,
3625.925628,,1,,,,3625.925628,1,,
3625.925628,,1,,,,3625.925628,1,,
3625.925628,,1,,,,3625.925628,1,,
3625.925628,,1,,,,3625.925628,1,,
3625.925628,,1,,,,3625.925628,1,,
3625.925628,,1,,,,3625.925628,1,,
3625.925628,,1,,,,3625.925628,1,,
3625.925628,,1,,,,3625.925628,1,,
3625.925628,,1,,,,3625.925628,1,,
3625.925628,,1,,,,3625.925628,1,,
3625.925628,,1,,,,3625.925628,1,,
3625.925628,,1,,,,3625.925628,1,,
