economic_loss,total_affected,duration,deaths,injured,houses_destroyed,economic_loss_infrastructure,houses_damaged,directly_affected,indirectly_affected,Cluster
,,1,,,,,,,,1
,,1,,,,,,,,1
,,1,,,,,,,,1
,,1,,,,,,,,1
,,1,,,,,,,,1
,,1,,,,,,,,1
,,1,,,,,,,,1
,,1,,,,,,,,1
,,1,,,,,,,,1
,,1,,,,,,,,1
,,1,,,,,,,,1
,,1,,,,,,,,1
,,1,,,,,,,,1
,,1,,,,,,,,1
,,1,,,,,,,,1
,,1,,,,,,,,1
,,1,,,,,,,,1
,,1,,,,,,,,1
,,1,,,,,,,,1
,,1,,,,,,,,1
,,1,,,,,,,,1
,,1,,,,,,,,1
,,1,,,,,,,,1
,,1,,,,,,,,1
,,1,,,,,,,,1
,,1,,,,,,,,1
,,1,,,,,,,,1
,,1,,,,,,,,1
,,1,,,,,,,,1
,,1,,,,,,,,1
,,1,,,,,,,,1
,,1,,,,,,,,1
,,1,,,,,,,,1
,,1,,,,,,,,1
,,1,,,,,,,,1
,,1,,,,,,,,1
,,1,,,,,,,,1
,,1,,,,,,,,1
,,1,,,,,,,,1
,,1,,,,,,,,1
,,1,,,,,,,,1
,,1,,,,,,,,1
,,1,,,,,,,,1
,,1,,,,,,,,1
,,1,,,,,,,,1
,,1,,,,,,,,1
,,1,,,,,,,,1
,,1,,,,,,,,1
,,1,,,,,,,,1
,,1,,,,,,,,1
,,1,,,,,,,,1
,,1,,,,,,,,1
,,1,,,,,,,,1
,,1,,,,,,,,1
,,1,,,,,,,,1
,,1,,,,,,,,1
,,1,,,,,,,,1
,,1,,,,,,,,1
,,1,,,,,,,,1
,,1,,,,,,,,1
,,1,,,,,,,,1
,,1,,,,,,,,1
,,1,,,,,,,,1
,,1,,,,,,,,1
,,1,,,,,,,,1
,,1,,,,,,,,1
,,1,,,,,,,,1
,,1,,,,,,,,1
,,1,,,,,,,,1
,,1,,,,,,,,1
,,1,,,,,,,,1
,,1,,,,,,,,1
,,1,,,,,,,,1
,,1,,,,,,,,1
,,1,,,,,,,,1
,,1,,,,,,,,1
,,1,,,,,,,,1
,,1,,,,,,,,1
,,1,,,,,,,,1
,,1,,,,,,,,1
,,1,,,,,,,,1
,,1,,,,,,,,1
,,1,,,,,,,,1
,,1,,,,,,,,1
,,1,,,,,,,,1
,,1,,,,,,,,1
,,1,,,,,,,,1
,,1,,,,,,,,1
,,1,,,,,,,,1
,,1,,,,,,,,1
,,1,,,,,,,,1
,,1,,,,,,,,1
,,1,,,,,,,,1
,,1,,,,,,,,1
,,1,,,,,,,,1
,,1,,,,,,,,1
,,1,,,,,,,,1
,,1,,,,,,,,1
,,1,,,,,,,,1
,,1,,,,,,,,1
,,1,,,,,,,,1
,,1,,,,,,,,1
,,1,,,,,,,,1
,,1,,,,,,,,1
,,1,,,,,,,,1
,,1,,,,,,,,1
,,1,,,,,,,,1
,,1,,,,,,,,1
,,1,,,,,,,,1
,,1,,,,,,,,1
,,1,,,,,,,,1
,,1,,,,,,,,1
,,1,,,,,,,,1
,,1,,,,,,,,1
,,1,,,,,,,,1
,,1,,,,,,,,1
,,1,,,,,,,,1
,,1,,,,,,,,1
,,1,,,,,,,,1
,,1,,,,,,,,1
,,1,,,,,,,,1
,,1,,,,,,,,1
,,1,,,,,,,,1
,,1,,,,,,,,1
,,1,,,,,,,,1
,,1,,,,,,,,1
,,1,,,,,,,,1
,,1,,,,,,,,1
,,1,,,,,,,,1
,,1,,,,,,,,1
,,1,,,,,,,,1
,,1,,,,,,,,1
,,1,,,,,,,,1
,,1,,,,,,,,1
,,1,,,,,,,,1
,,1,,,,,,,,1
,,1,,,,,,,,1
,,1,,,,,,,,1
,,1,,,,,,,,1
,,1,,,,,,,,1
,,1,,,,,,,,1
,,1,,,,,,,,1
,,1,,,,,,,,1
,,1,,,,,,,,1
,,1,,,,,,,,1
,,1,,,,,,,,1
,,1,,,,,,,,1
,,1,,,,,,,,1
,,1,,,,,,,,1
,,1,,,,,,,,1
,,1,,,,,,,,1
,,1,,,,,,,,1
,,1,,,,,,,,1
,,1,,,,,,,,1
,,1,,,,,,,,1
,,1,,,,,,,,1
,,1,,,,,,,,1
,,1,,,,,,,,1
,,1,,,,,,,,1
,,1,,,,,,,,1
,,1,,,,,,,,1
,,1,,,,,,,,1
,,1,,,,,,,,1
,,1,,,,,,,,1
,,1,,,,,,,,1
,,1,,,,,,,,1
,,1,,,,,,,,1
,,1,,,,,,,,1
,,1,,,,,,,,1
,,1,,,,,,,,1
,,1,,,,,,,,1
,,1,,,,,,,,1
,,1,,,,,,,,1
,,1,,,,,,,,1
,,1,,,,,,,,1
,,1,,,,,,,,1
,,1,,,,,,,,1
,,1,,,,,,,,1
,,1,,,,,,,,1
,,1,,,,,,,,1
,,1,,,,,,,,1
,,1,,,,,,,,1
,,1,,,,,,,,1
,,1,,,,,,,,1
,,1,,,,,,,,1
,,1,,,,,,,,1
,,1,,,,,,,,1
,,1,,,,,,,,1
,,1,,,,,,,,1
,,1,,,,,,,,1
,,1,,,,,,,,1
,,1,,,,,,,,1
,,1,,,,,,,,1
,,1,,,,,,,,1
,,1,,,,,,,,1
,,1,,,,,,,,1
,,1,,,,,,,,1
,,1,,,,,,,,1
,,1,,,,,,,,1
,,1,,,,,,,,1
,,1,,,,,,,,1
,,1,,,,,,,,1
,,1,,,,,,,,1
,,1,,,,,,,,1
,,1,,,,,,,,1
,,1,,,,,,,,1
,,1,,,,,,,,1
,,1,,,,,,,,1
,,1,,,,,,,,1
,,1,,,,,,,,1
,,1,,,,,,,,1
,,1,,,,,,,,1
,,1,,,,,,,,1
,,1,,,,,,,,1
,,1,,,,,,,,1
,,1,,,,,,,,1
,,2,,,,,,,,1
,,2,,,,,,,,1
,,2,,,,,,,,1
,,2,,,,,,,,1
,,22,,,,,,,,1
,,2,,,,,,,,1
,,2,1.0,,,,,,,1
,,2,1.0,,,,,,,1
,,1,1.0,,,,,,,1
,,1,1.0,,,,,,,1
,,1,1.0,,,,,,,1
,,1,1.0,,,,,,,1
,,1,1.0,,,,,,,1
,,1,1.0,,,,,,,1
,,1,1.0,,,,,,,1
,,1,1.0,,,,,,,1
,,1,1.0,,,,,,,1
,,1,1.0,,,,,,,1
,,1,1.0,,,,,,,1
,,1,1.0,,,,,,,1
,,1,1.0,,,,,,,1
,,1,1.0,,,,,,,1
,,1,1.0,,,,,,,1
,,1,1.0,,,,,,,1
,,1,1.0,,,,,,,1
,,1,1.0,,,,,,,1
,,1,1.0,,,,,,,1
,,1,1.0,,,,,,,1
,,1,1.0,,,,,,,1
,,1,1.0,,,,,,,1
,,1,1.0,,,,,,,1
,,1,1.0,,,,,,,1
,,1,1.0,,,,,,,1
,,1,1.0,,,,,,,1
,,1,1.0,,,,,,,1
,,1,1.0,,,,,,,1
,,1,1.0,,,,,,,1
,,1,1.0,,,,,,,1
,,1,1.0,,,,,,,1
,,1,1.0,,,,,,,1
,,1,1.0,,,,,,,1
,,1,1.0,,,,,,,1
,,1,1.0,,,,,,,1
,,1,1.0,,,,,,,1
,,1,1.0,,,,,,,1
,,1,1.0,,,,,,,1
,,1,1.0,,,,,,,1
,,1,1.0,,,,,,,1
,,1,1.0,,,,,,,1
,,1,1.0,,,,,,,1
,,1,1.0,,,,,,,1
,,1,1.0,,,,,,,1
,,1,1.0,,,,,,,1
,,1,1.0,,,,,,,1
,,1,1.0,,,,,,,1
,,1,1.0,,,,,,,1
,,1,1.0,,,,,,,1
,,1,1.0,,,,,,,1
,,1,1.0,,,,,,,1
,,1,1.0,,,,,,,1
,,1,1.0,,,,,,,1
,,1,1.0,,,,,,,1
,,1,1.0,,,,,,,1
,,1,1.0,,,,,,,1
,,1,1.0,,,,,,,1
,,1,1.0,,,,,,,1
,,1,1.0,,,,,,,1
,,1,1.0,,,,,,,1
,,1,1.0,,,,,,,1
,,1,1.0,,,,,,,1
,,1,1.0,,,,,,,1
,,1,1.0,,,,,,,1
,,1,1.0,,,,,,,1
,,1,1.0,,,,,,,1
,,1,1.0,,,,,,,1
,,1,1.0,,,,,,,1
,,1,1.0,,,,,,,1
,,1,1.0,,,,,,,1
,,1,1.0,,,,,,,1
,,1,1.0,,,,,,,1
,,1,1.0,,,,,,,1
,,1,1.0,,,,,,,1
,,1,1.0,,,,,,,1
,,1,1.0,,,,,,,1
,,1,1.0,,,,,,,1
,,1,1.0,,,,,,,1
,,1,1.0,,,,,,,1
,,1,1.0,,,,,,,1
,,1,1.0,,,,,,,1
,,1,1.0,,,,,,,1
,,1,1.0,,,,,,,1
,,1,1.0,,,,,,,1
,,1,1.0,,,,,,,1
,,1,1.0,,,,,,,1
,,1,1.0,,,,,,,1
,,1,1.0,,,,,,,1
,,1,1.0,,,,,,,1
,,1,1.0,,,,,,,1
,,1,1.0,,,,,,,1
,,1,1.0,,,,,,,1
,,1,1.0,,,,,,,1
,,1,1.0,,,,,,,1
,,1,1.0,,,,,,,1
,,1,1.0,,,,,,,1
,,1,1.0,,,,,,,1
,,1,1.0,,,,,,,1
,,1,1.0,,,,,,,1
,,1,1.0,,,,,,,1
,,1,1.0,,,,,,,1
,,1,1.0,,,,,,,1
,,1,1.0,,,,,,,1
,,1,1.0,,,,,,,1
,,1,1.0,,,,,,,1
,,1,1.0,,,,,,,1
,,1,1.0,,,,,,,1
,,1,1.0,,,,,,,1
,,1,1.0,,,,,,,1
,,1,1.0,,,,,,,1
,,1,1.0,,,,,,,1
,,1,1.0,,,,,,,1
,,1,1.0,,,,,,,1
,,1,1.0,,,,,,,1
,,1,1.0,,,,,,,1
,,1,1.0,,,,,,,1
,,1,1.0,,,,,,,1
,,1,1.0,,,,,,,1
,,1,1.0,,,,,,,1
,,1,1.0,,,,,,,1
,,1,1.0,,,,,,,1
,,1,1.0,,,,,,,1
,,1,1.0,,,,,,,1
,,1,1.0,,,,,,,1
,,1,1.0,,,,,,,1
,,1,1.0,,,,,,,1
,,1,1.0,,,,,,,1
,,1,1.0,,,,,,,1
,,1,1.0,,,,,,,1
,,1,1.0,,,,,,,1
,,1,1.0,,,,,,,1
,,1,1.0,,,,,,,1
,,1,1.0,,,,,,,1
,,1,1.0,,,,,,,1
,,1,1.0,,,,,,,1
,,1,1.0,,,,,,,1
,,1,1.0,,,,,,,1
,,1,1.0,,,,,,,1
,,1,1.0,,,,,,,1
,,1,1.0,,,,,,,1
,,1,1.0,,,,,,,1
,,1,1.0,,,,,,,1
,,1,1.0,,,,,,,1
,,1,1.0,,,,,,,1
,,1,1.0,,,,,,,1
,,1,1.0,,,,,,,1
,,1,1.0,,,,,,,1
,,1,1.0,,,,,,,1
,,1,1.0,,,,,,,1
,,1,1.0,,,,,,,1
,,1,1.0,,,,,,,1
,,1,1.0,,,,,,,1
,,1,1.0,,,,,,,1
,,1,1.0,,,,,,,1
,,1,1.0,,,,,,,1
,,1,1.0,,,,,,,1
,,1,1.0,,,,,,,1
,,1,1.0,,,,,,,1
,,1,1.0,,,,,,,1
,,1,1.0,,,,,,,1
,,1,1.0,,,,,,,1
,,1,1.0,,,,,,,1
,,1,1.0,,,,,,,1
,,1,1.0,,,,,,,1
,,1,1.0,,,,,,,1
,,1,1.0,,,,,,,1
,,1,1.0,,,,,,,1
,,1,1.0,,,,,,,1
,,1,1.0,,,,,,,1
,,1,1.0,,,,,,,1
,,1,1.0,,,,,,,1
,,1,1.0,,,,,,,1
,,1,1.0,,,,,,,1
,,1,1.0,,,,,,,1
,,1,1.0,,,,,,,1
,,1,1.0,,,,,,,1
,,1,1.0,,,,,,,1
,,1,1.0,,,,,,,1
,,1,1.0,,,,,,,1
,,1,1.0,,,,,,,1
,,1,1.0,,,,,,,1
,,1,1.0,,,,,,,1
,,1,1.0,,,,,,,1
,,1,1.0,,,,,,,1
,,1,1.0,,,,,,,1
,,1,1.0,,,,,,,1
,,1,1.0,,,,,,,1
,,1,1.0,,,,,,,1
,,1,1.0,,,,,,,1
,,1,1.0,,,,,,,1
,,1,1.0,,,,,,,1
,,1,1.0,,,,,,,1
,,1,1.0,,,,,,,1
,,1,1.0,,,,,,,1
,,1,1.0,,,,,,,1
,,1,1.0,,,,,,,1
,,1,1.0,,,,,,,1
,,1,1.0,,,,,,,1
,,1,1.0,,,,,,,1
,,1,1.0,,,,,,,1
,,1,1.0,,,,,,,1
,,1,1.0,,,,,,,1
,,1,1.0,,,,,,,1
,,1,1.0,,,,,,,1
,,1,1.0,,,,,,,1
,,1,1.0,,,,,,,1
,,1,1.0,,,,,,,1
,,1,1.0,,,,,,,1
,,1,1.0,,,,,,,1
,,1,1.0,,,,,,,1
,,1,1.0,,,,,,,1
,,1,1.0,,,,,,,1
,,1,1.0,,,,,,,1
,,1,1.0,,,,,,,1
,,1,1.0,,,,,,,1
,,1,1.0,,,,,,,1
,,1,1.0,,,,,,,1
,,1,1.0,,,,,,,1
,,1,1.0,,,,,,,1
,,1,1.0,,,,,,,1
,,1,1.0,,,,,,,1
,,1,1.0,,,,,,,1
,,1,1.0,,,,,,,1
,,1,1.0,,,,,,,1
,,1,1.0,,,,,,,1
,,1,1.0,,,,,,,1
,,1,1.0,,,,,,,1
,,1,1.0,,,,,,,1
,,1,1.0,,,,,,,1
,,1,1.0,,,,,,,1
,,1,1.0,,,,,,,1
,,1,1.0,,,,,,,1
,,1,1.0,,,,,,,1
,,1,1.0,,,,,,,1
,,1,1.0,,,,,,,1
,,1,1.0,,,,,,,1
,,1,1.0,,,,,,,1
,,1,1.0,,,,,,,1
,,1,1.0,,,,,,,1
,,1,1.0,,,,,,,1
,,1,1.0,,,,,,,1
,,1,1.0,,,,,,,1
,,1,1.0,,,,,,,1
,,1,1.0,,,,,,,1
,,1,1.0,,,,,,,1
,,1,1.0,,,,,,,1
,,1,1.0,,,,,,,1
,,1,1.0,,,,,,,1
,,1,1.0,,,,,,,1
,,1,1.0,,,,,,,1
,,1,1.0,,,,,,,1
,,1,1.0,,,,,,,1
,,1,1.0,,,,,,,1
,,1,1.0,,,,,,,1
,,1,1.0,,,,,,,1
,,1,1.0,,,,,,,1
,,1,1.0,,,,,,,1
,,1,1.0,,,,,,,1
,,1,1.0,,,,,,,1
,,1,1.0,,,,,,,1
,,1,1.0,,,,,,,1
,,1,1.0,,,,,,,1
,,1,1.0,,,,,,,1
,,1,1.0,,,,,,,1
,,1,1.0,,,,,,,1
,,1,1.0,,,,,,,1
,,1,1.0,,,,,,,1
,,1,1.0,,,,,,,1
,,1,1.0,,,,,,,1
,,1,1.0,,,,,,,1
,,1,1.0,,,,,,,1
,,1,1.0,,,,,,,1
,,1,1.0,,,,,,,1
,,1,1.0,,,,,,,1
,,1,1.0,,,,,,,1
,,1,1.0,,,,,,,1
,,1,1.0,,,,,,,1
,,1,1.0,,,,,,,1
,,1,1.0,,,,,,,1
,,1,1.0,,,,,,,1
,,1,1.0,,,,,,,1
,,1,1.0,,,,,,,1
,,1,1.0,,,,,,,1
,,1,1.0,,,,,,,1
,,1,1.0,,,,,,,1
,,1,1.0,,,,,,,1
,,1,1.0,,,,,,,1
,,1,1.0,,,,,,,1
,,1,1.0,,,,,,,1
,,1,1.0,,,,,,,1
,,1,1.0,,,,,,,1
,,1,1.0,,,,,,,1
,,1,1.0,,,,,,,1
,,1,1.0,,,,,,,1
,,1,1.0,,,,,,,1
,,1,1.0,,,,,,,1
,,1,1.0,,,,,,,1
,,1,1.0,,,,,,,1
,,1,1.0,,,,,,,1
,,1,1.0,,,,,,,1
,,1,1.0,,,,,,,1
,,1,1.0,,,,,,,1
,,1,1.0,,,,,,,1
,,1,1.0,,,,,,,1
,,1,1.0,,,,,,,1
,,1,1.0,,,,,,,1
,,1,1.0,,,,,,,1
,,1,1.0,,,,,,,1
,,1,1.0,,,,,,,1
,,1,1.0,,,,,,,1
,,1,1.0,,,,,,,1
,,1,1.0,,,,,,,1
,,1,1.0,,,,,,,1
,,1,1.0,,,,,,,1
,,1,1.0,,,,,,,1
,,1,1.0,,,,,,,1
,,1,1.0,,,,,,,1
,,1,1.0,,,,,,,1
,,1,1.0,,,,,,,1
,,1,1.0,,,,,,,1
,,1,1.0,,,,,,,1
,,1,1.0,,,,,,,1
,,1,1.0,,,,,,,1
,,1,1.0,,,,,,,1
,,1,1.0,,,,,,,1
,,1,1.0,,,,,,,1
,,1,1.0,,,,,,,1
,,1,1.0,,,,,,,1
,,1,1.0,,,,,,,1
,,1,1.0,,,,,,,1
,,1,1.0,,,,,,,1
,,1,1.0,,,,,,,1
,,1,1.0,,,,,,,1
,,1,1.0,,,,,,,1
,,1,1.0,,,,,,,1
,,1,1.0,,,,,,,1
,,1,1.0,,,,,,,1
,,1,1.0,,,,,,,1
,,1,1.0,,,,,,,1
,,1,1.0,,,,,,,1
,,1,1.0,,,,,,,1
,,1,1.0,,,,,,,1
,,1,1.0,,,,,,,1
,,1,1.0,,,,,,,1
,,1,1.0,,,,,,,1
,,1,1.0,,,,,,,1
,,1,1.0,,,,,,,1
,,1,1.0,,,,,,,1
,,1,1.0,,,,,,,1
,,1,1.0,,,,,,,1
,,1,1.0,,,,,,,1
,,1,1.0,,,,,,,1
,,1,1.0,,,,,,,1
,,1,1.0,,,,,,,1
,,1,1.0,,,,,,,1
,,1,1.0,,,,,,,1
,,1,1.0,,,,,,,1
,,1,1.0,,,,,,,1
,,1,1.0,,,,,,,1
,,1,1.0,,,,,,,1
,,1,1.0,,,,,,,1
,,1,1.0,,,,,,,1
,,1,1.0,,,,,,,1
,,1,1.0,,,,,,,1
,,1,1.0,,,,,,,1
,,1,1.0,,,,,,,1
,,1,1.0,,,,,,,1
,,1,1.0,,,,,,,1
,,1,1.0,,,,,,,1
,,1,1.0,,,,,,,1
,,1,1.0,,,,,,,1
,,1,1.0,,,,,,,1
,,1,1.0,,,,,,,1
,,1,1.0,,,,,,,1
,,1,1.0,,,,,,,1
,,1,1.0,,,,,,,1
,,1,1.0,,,,,,,1
,,1,1.0,,,,,,,1
,,1,1.0,,,,,,,1
,,1,1.0,,,,,,,1
,,1,1.0,,,,,,,1
,,1,1.0,,,,,,,1
,,1,1.0,,,,,,,1
,,1,1.0,,,,,,,1
,,1,1.0,,,,,,,1
,,1,1.0,,,,,,,1
,,1,1.0,,,,,,,1
,,1,1.0,,,,,,,1
,,1,1.0,,,,,,,1
,,1,1.0,,,,,,,1
,,1,1.0,,,,,,,1
,,1,1.0,,,,,,,1
,,1,1.0,,,,,,,1
,,1,1.0,,,,,,,1
,,1,1.0,,,,,,,1
,,1,1.0,,,,,,,1
,,1,1.0,,,,,,,1
,,1,1.0,,,,,,,1
,,1,1.0,,,,,,,1
,,1,1.0,,,,,,,1
,,1,1.0,,,,,,,1
,,1,1.0,,,,,,,1
,,1,1.0,,,,,,,1
,,1,1.0,,,,,,,1
,,1,1.0,,,,,,,1
,,1,2.0,,,,,,,1
,,1,2.0,,,,,,,1
,,1,2.0,,,,,,,1
,,1,2.0,,,,,,,1
,,1,2.0,,,,,,,1
,,1,2.0,,,,,,,1
,,1,2.0,,,,,,,1
,,1,2.0,,,,,,,1
,,1,2.0,,,,,,,1
,,1,2.0,,,,,,,1
,,1,2.0,,,,,,,1
,,1,2.0,,,,,,,1
,,1,2.0,,,,,,,1
,,1,2.0,,,,,,,1
,,1,2.0,,,,,,,1
,,1,2.0,,,,,,,1
,,1,2.0,,,,,,,1
,,1,2.0,,,,,,,1
,,1,2.0,,,,,,,1
,,1,2.0,,,,,,,1
,,1,2.0,,,,,,,1
,,1,2.0,,,,,,,1
,,1,2.0,,,,,,,1
,,1,2.0,,,,,,,1
,,1,2.0,,,,,,,1
,,1,2.0,,,,,,,1
,,1,2.0,,,,,,,1
,,1,2.0,,,,,,,1
,,1,2.0,,,,,,,1
,,1,2.0,,,,,,,1
,,1,2.0,,,,,,,1
,,1,2.0,,,,,,,1
,,1,2.0,,,,,,,1
,,1,2.0,,,,,,,1
,,1,2.0,,,,,,,1
,,1,2.0,,,,,,,1
,,1,2.0,,,,,,,1
,,1,2.0,,,,,,,1
,,1,2.0,,,,,,,1
,,1,2.0,,,,,,,1
,,1,2.0,,,,,,,1
,,1,2.0,,,,,,,1
,,1,2.0,,,,,,,1
,,1,2.0,,,,,,,1
,,1,2.0,,,,,,,1
,,1,2.0,,,,,,,1
,,1,2.0,,,,,,,1
,,1,2.0,,,,,,,1
,,1,2.0,,,,,,,1
,,1,2.0,,,,,,,1
,,1,2.0,,,,,,,1
,,1,2.0,,,,,,,1
,,1,2.0,,,,,,,1
,,1,2.0,,,,,,,1
,,1,2.0,,,,,,,1
,,1,2.0,,,,,,,1
,,1,2.0,,,,,,,1
,,1,2.0,,,,,,,1
,,1,2.0,,,,,,,1
,,1,2.0,,,,,,,1
,,1,2.0,,,,,,,1
,,1,2.0,,,,,,,1
,,1,2.0,,,,,,,1
,,1,2.0,,,,,,,1
,,1,2.0,,,,,,,1
,,1,2.0,,,,,,,1
,,1,2.0,,,,,,,1
,,1,2.0,,,,,,,1
,,1,2.0,,,,,,,1
,,1,2.0,,,,,,,1
,,1,2.0,,,,,,,1
,,1,2.0,,,,,,,1
,,1,2.0,,,,,,,1
,,1,2.0,,,,,,,1
,,1,2.0,,,,,,,1
,,1,2.0,,,,,,,1
,,1,2.0,,,,,,,1
,,1,2.0,,,,,,,1
,,1,2.0,,,,,,,1
,,1,2.0,,,,,,,1
,,1,2.0,,,,,,,1
,,1,2.0,,,,,,,1
,,1,2.0,,,,,,,1
,,1,2.0,,,,,,,1
,,1,2.0,,,,,,,1
,,1,2.0,,,,,,,1
,,1,2.0,,,,,,,1
,,1,2.0,,,,,,,1
,,1,2.0,,,,,,,1
,,1,2.0,,,,,,,1
,,1,2.0,,,,,,,1
,,1,2.0,,,,,,,1
,,1,2.0,,,,,,,1
,,1,2.0,,,,,,,1
,,1,2.0,,,,,,,1
,,1,2.0,,,,,,,1
,,1,2.0,,,,,,,1
,,1,2.0,,,,,,,1
,,1,2.0,,,,,,,1
,,1,2.0,,,,,,,1
,,1,2.0,,,,,,,1
,,1,2.0,,,,,,,1
,,1,2.0,,,,,,,1
,,1,2.0,,,,,,,1
,,1,2.0,,,,,,,1
,,1,2.0,,,,,,,1
,,1,2.0,,,,,,,1
,,1,2.0,,,,,,,1
,,1,2.0,,,,,,,1
,,1,2.0,,,,,,,1
,,1,2.0,,,,,,,1
,,1,2.0,,,,,,,1
,,1,3.0,,,,,,,1
,,1,3.0,,,,,,,1
,,1,3.0,,,,,,,1
,,1,3.0,,,,,,,1
,,1,3.0,,,,,,,1
,,1,3.0,,,,,,,1
,,1,3.0,,,,,,,1
,,1,3.0,,,,,,,1
,,1,3.0,,,,,,,1
,,1,3.0,,,,,,,1
,,1,3.0,,,,,,,1
,,1,3.0,,,,,,,1
,,1,3.0,,,,,,,1
,,1,3.0,,,,,,,1
,,1,3.0,,,,,,,1
,,1,3.0,,,,,,,1
,,1,3.0,,,,,,,1
,,1,3.0,,,,,,,1
,,1,3.0,,,,,,,1
,,1,3.0,,,,,,,1
,,1,3.0,,,,,,,1
,,1,3.0,,,,,,,1
,,1,3.0,,,,,,,1
,,1,3.0,,,,,,,1
,,1,3.0,,,,,,,1
,,1,3.0,,,,,,,1
,,1,3.0,,,,,,,1
,,1,3.0,,,,,,,1
,,1,3.0,,,,,,,1
,,1,3.0,,,,,,,1
,,1,3.0,,,,,,,1
,,1,3.0,,,,,,,1
,,1,3.0,,,,,,,1
,,1,3.0,,,,,,,1
,,1,3.0,,,,,,,1
,,1,3.0,,,,,,,1
,,1,3.0,,,,,,,1
,,1,3.0,,,,,,,1
,,1,3.0,,,,,,,1
,,1,3.0,,,,,,,1
,,1,3.0,,,,,,,1
,,1,3.0,,,,,,,1
,,1,3.0,,,,,,,1
,,1,14.0,,,,,,,1
,,1,24.0,,,,,,,1
,,1,18.0,,,,,,,1
,,1,8.0,,,,,,,1
,,1,6.0,,,,,,,1
,,1,12.0,,,,,,,1
,,1,7.0,,,,,,,1
,,1,7.0,,,,,,,1
,,1,5.0,,,,,,,1
,,1,5.0,,,,,,,1
,,1,4.0,,,,,,,1
,,1,5.0,,,,,,,1
,,1,8.0,,,,,,,1
,,1,4.0,,,,,,,1
,,1,4.0,,,,,,,1
,,1,4.0,,,,,,,1
,,1,13.0,,,,,,,1
,,1,4.0,,,,,,,1
,,1,4.0,,,,,,,1
,,1,9.0,,,,,,,1
,,1,4.0,,,,,,,1
,,1,4.0,,,,,,,1
,,1,6.0,,,,,,,1
,,1,5.0,,,,,,,1
,,1,4.0,,,,,,,1
,,1,4.0,,,,,,,1
,,1,4.0,,,,,,,1
,,1,14.0,,,,,,,1
,,1,5.0,,,,,,,1
,,1,5.0,,,,,,,1
,,1,5.0,,,,,,,1
,,1,4.0,,,,,,,1
,,1,4.0,,,,,,,1
,,1,18.0,,,,,,,1
,,1,8.0,,,,,,,1
,,1,116.0,,,,,,,0
,,1,41.0,,,,,,,0
,,1,9.0,,,,,,,1
,,1,5.0,,,,,,,1
,,1,4.0,,,,,,,1
,,1,4.0,,,,,,,1
,,1,11.0,,,,,,,1
,,1,4.0,,,,,,,1
,,1,6.0,,,,,,,1
,,1,34.0,,,,,,,1
,,1,7.0,,,,,,,1
,,1,22.0,,,,,,,1
,,1,21.0,,,,,,,1
,,1,4.0,,,,,,,1
,,2,2.0,,,,,,,1
,,6,1.0,1.0,,,,,,1
,,1,13.0,17.0,,,,,,3
,,1,13.0,1.0,,,,,,1
,,1,3.0,4.0,,,,,,1
,,1,3.0,9.0,,,,,,3
,,1,3.0,3.0,,,,,,1
,,1,7.0,4.0,,,,,,1
,,1,3.0,8.0,,,,,,3
,,1,3.0,7.0,,,,,,1
,,1,4.0,14.0,,,,,,3
,,1,3.0,22.0,,,,,,3
,,1,4.0,2.0,,,,,,1
,,1,8.0,6.0,,,,,,1
,,1,10.0,22.0,,,,,,3
,,1,8.0,26.0,,,,,,3
,,1,5.0,9.0,,,,,,3
,,1,3.0,8.0,,,,,,3
,,1,6.0,8.0,,,,,,3
,,1,4.0,4.0,,,,,,1
,,1,3.0,1.0,,,,,,1
,,1,3.0,25.0,,,,,,3
,,1,3.0,2.0,,,,,,1
,,1,4.0,1.0,,,,,,1
,,1,3.0,6.0,,,,,,1
,,1,3.0,2.0,,,,,,1
,,1,4.0,1.0,,,,,,1
,,1,4.0,34.0,,,,,,5
,,1,6.0,11.0,,,,,,3
,,1,7.0,12.0,,,,,,3
,,1,4.0,13.0,,,,,,3
,,1,4.0,1.0,,,,,,1
,,1,8.0,4.0,,,,,,1
,,1,4.0,2.0,,,,,,1
,,1,3.0,2.0,,,,,,1
,,1,3.0,1.0,,,,,,1
,,1,5.0,15.0,,,,,,3
,,1,3.0,3.0,,,,,,1
,,1,3.0,30.0,,,,,,5
,,1,7.0,15.0,,,,,,3
,,1,3.0,7.0,,,,,,1
,,1,8.0,7.0,,,,,,1
,,1,3.0,6.0,,,,,,1
,,1,3.0,2.0,,,,,,1
,,1,3.0,10.0,,,,,,3
,,1,3.0,1.0,,,,,,1
,,1,3.0,14.0,,,,,,3
,,1,4.0,4.0,,,,,,1
,,1,4.0,12.0,,,,,,3
,,1,3.0,12.0,,,,,,3
,,1,6.0,9.0,,,,,,3
,,1,5.0,6.0,,,,,,1
,,1,8.0,36.0,,,,,,5
,,1,3.0,2.0,,,,,,1
,,1,3.0,5.0,,,,,,1
,,1,4.0,7.0,,,,,,1
,,1,3.0,2.0,,,,,,1
,,1,4.0,3.0,,,,,,1
,,1,3.0,35.0,,,,,,5
,,1,3.0,38.0,,,,,,5
,,1,14.0,33.0,,,,,,5
,,1,10.0,66.0,,,,,,5
,,1,3.0,1.0,,,,,,1
,,1,8.0,21.0,,,,,,3
,,1,4.0,20.0,,,,,,3
,,1,3.0,6.0,,,,,,1
,,1,4.0,1.0,,,,,,1
,,1,3.0,5.0,,,,,,1
,,1,2.0,1.0,,,,,,1
,,1,2.0,10.0,,,,,,3
,,1,2.0,1.0,,,,,,1
,,1,2.0,9.0,,,,,,3
,,1,2.0,7.0,,,,,,1
,,1,2.0,5.0,,,,,,1
,,1,2.0,43.0,,,,,,5
,,1,2.0,9.0,,,,,,3
,,1,2.0,1.0,,,,,,1
,,1,2.0,12.0,,,,,,3
,,1,2.0,16.0,,,,,,3
,,1,2.0,3.0,,,,,,1
,,1,2.0,1.0,,,,,,1
,,1,2.0,7.0,,,,,,1
,,1,2.0,35.0,,,,,,5
,,1,2.0,4.0,,,,,,1
,,1,2.0,4.0,,,,,,1
,,1,2.0,3.0,,,,,,1
,,1,2.0,2.0,,,,,,1
,,1,2.0,7.0,,,,,,1
,,1,2.0,1.0,,,,,,1
,,1,2.0,2.0,,,,,,1
,,1,2.0,1.0,,,,,,1
,,1,2.0,2.0,,,,,,1
,,1,2.0,2.0,,,,,,1
,,1,2.0,4.0,,,,,,1
,,1,2.0,14.0,,,,,,3
,,1,2.0,10.0,,,,,,3
,,1,2.0,3.0,,,,,,1
,,1,2.0,3.0,,,,,,1
,,1,2.0,1.0,,,,,,1
,,1,2.0,3.0,,,,,,1
,,1,2.0,4.0,,,,,,1
,,1,1.0,3.0,,,,,,1
,,1,1.0,2.0,,,,,,1
,,1,1.0,2.0,,,,,,1
,,1,1.0,2.0,,,,,,1
,,1,1.0,1.0,,,,,,1
,,1,1.0,13.0,,,,,,3
,,1,1.0,2.0,,,,,,1
,,1,1.0,2.0,,,,,,1
,,1,1.0,3.0,,,,,,1
,,1,1.0,6.0,,,,,,1
,,1,1.0,3.0,,,,,,1
,,1,1.0,1.0,,,,,,1
,,1,1.0,3.0,,,,,,1
,,1,1.0,2.0,,,,,,1
,,1,1.0,3.0,,,,,,1
,,1,1.0,1.0,,,,,,1
,,1,1.0,4.0,,,,,,1
,,1,1.0,5.0,,,,,,1
,,1,1.0,9.0,,,,,,3
,,1,1.0,7.0,,,,,,1
,,1,1.0,5.0,,,,,,1
,,1,1.0,2.0,,,,,,1
,,1,1.0,4.0,,,,,,1
,,1,1.0,4.0,,,,,,1
,,1,1.0,1.0,,,,,,1
,,1,1.0,20.0,,,,,,3
,,1,1.0,13.0,,,,,,3
,,1,1.0,2.0,,,,,,1
,,1,1.0,5.0,,,,,,1
,,1,1.0,8.0,,,,,,3
,,1,1.0,4.0,,,,,,1
,,1,1.0,15.0,,,,,,3
,,1,1.0,2.0,,,,,,1
,,1,1.0,6.0,,,,,,1
,,1,1.0,1.0,,,,,,1
,,1,1.0,6.0,,,,,,1
,,1,1.0,1.0,,,,,,1
,,1,1.0,16.0,,,,,,3
,,1,1.0,1.0,,,,,,1
,,1,1.0,22.0,,,,,,3
,,1,1.0,1.0,,,,,,1
,,1,1.0,1.0,,,,,,1
,,1,1.0,1.0,,,,,,1
,,1,1.0,20.0,,,,,,3
,,1,1.0,2.0,,,,,,1
,,1,1.0,1.0,,,,,,1
,,1,1.0,1.0,,,,,,1
,,1,1.0,2.0,,,,,,1
,,1,1.0,2.0,,,,,,1
,,1,1.0,1.0,,,,,,1
,,1,1.0,1.0,,,,,,1
,,1,1.0,2.0,,,,,,1
,,1,1.0,1.0,,,,,,1
,,1,1.0,2.0,,,,,,1
,,1,1.0,1.0,,,,,,1
,,1,1.0,4.0,,,,,,1
,,1,1.0,5.0,,,,,,1
,,1,1.0,1.0,,,,,,1
,,1,1.0,6.0,,,,,,1
,,1,1.0,1.0,,,,,,1
,,1,1.0,1.0,,,,,,1
,,1,1.0,36.0,,,,,,5
,,1,1.0,4.0,,,,,,1
,,1,1.0,2.0,,,,,,1
,,1,1.0,1.0,,,,,,1
,,1,1.0,1.0,,,,,,1
,,1,1.0,4.0,,,,,,1
,,1,1.0,3.0,,,,,,1
,,1,1.0,1.0,,,,,,1
,,1,1.0,3.0,,,,,,1
,,1,1.0,2.0,,,,,,1
,,1,1.0,17.0,,,,,,3
,,1,1.0,2.0,,,,,,1
,,1,1.0,5.0,,,,,,1
,,1,,4.0,,,,,,1
,,1,,3.0,,,,,,1
,,1,,3.0,,,,,,1
,,1,,9.0,,,,,,3
,,1,,2.0,,,,,,1
,,1,,5.0,,,,,,1
,,1,,2.0,,,,,,1
,,1,,3.0,,,,,,1
,,1,,5.0,,,,,,1
,,1,,2.0,,,,,,1
,,1,,4.0,,,,,,1
,,1,,5.0,,,,,,1
,,1,,7.0,,,,,,1
,,1,,9.0,,,,,,3
,,1,,5.0,,,,,,1
,,1,,2.0,,,,,,1
,,1,,6.0,,,,,,1
,,1,,2.0,,,,,,1
,,1,,3.0,,,,,,1
,,1,,10.0,,,,,,3
,,1,,3.0,,,,,,1
,,1,,5.0,,,,,,1
,,1,,2.0,,,,,,1
,,1,,4.0,,,,,,1
,,1,,2.0,,,,,,1
,,1,,4.0,,,,,,1
,,1,,2.0,,,,,,1
,,1,,2.0,,,,,,1
,,1,,2.0,,,,,,1
,,1,,19.0,,,,,,3
,,1,,12.0,,,,,,3
,,1,,6.0,,,,,,1
,,1,,50.0,,,,,,5
,,1,,16.0,,,,,,3
,,1,,5.0,,,,,,1
,,1,,3.0,,,,,,1
,,1,,11.0,,,,,,3
,,1,,21.0,,,,,,3
,,1,,2.0,,,,,,1
,,1,,2.0,,,,,,1
,,1,,4.0,,,,,,1
,,1,,6.0,,,,,,1
,,1,,25.0,,,,,,3
,,1,,18.0,,,,,,3
,,1,,15.0,,,,,,3
,,1,,18.0,,,,,,3
,,1,,20.0,,,,,,3
,,1,,2.0,,,,,,1
,,1,,4.0,,,,,,1
,,1,,15.0,,,,,,3
,,1,,24.0,,,,,,3
,,1,,1.0,,,,,,1
,,1,,1.0,,,,,,1
,,1,,1.0,,,,,,1
,,1,,1.0,,,,,,1
,,1,,1.0,,,,,,1
,,1,,1.0,,,,,,1
,,1,,1.0,,,,,,1
,,1,,1.0,,,,,,1
,,1,,1.0,,,,,,1
,,1,,1.0,,,,,,1
,,1,,1.0,,,,,,1
,,1,,1.0,,,,,,1
,,1,,1.0,,,,,,1
,,1,,1.0,,,,,,1
,,1,,1.0,,,,,,1
,,1,,1.0,,,,,,1
,,1,,1.0,,,,,,1
,,1,,1.0,,,,,,1
,,1,,1.0,,,,,,1
,,1,,1.0,,,,,,1
,,1,,1.0,,,,,,1
,,1,,1.0,,,,,,1
,,1,,1.0,,,,,,1
,,1,,1.0,,,,,,1
,,1,,1.0,,,,,,1
,,1,,1.0,,,,,,1
,,1,,1.0,,,,,,1
,,1,,1.0,,,,,,1
,,1,,1.0,,,,,,1
,,1,,1.0,,,,,,1
,,1,,1.0,,,,,,1
,,1,,1.0,,,,,,1
,,1,,1.0,,,,,,1
,,1,,1.0,,,,,,1
,,1,1.0,,,,,,1.0,1
,,1,1.0,,,,,,1.0,1
,,1,1.0,,,,,,1.0,1
,,1,1.0,,,,,,1.0,1
,,1,1.0,,,,,,1.0,1
,,1,1.0,,,,,,1.0,1
,,2,1.0,,,,,,1.0,1
,,2,1.0,,,,,,1.0,1
,,2,1.0,,,,,,1.0,1
,,2,1.0,,,,,,1.0,1
,,2,1.0,,,,,,1.0,1
,,2,1.0,,,,,,1.0,1
,,2,1.0,,,,,,1.0,1
,,2,1.0,,,,,,1.0,1
,,2,1.0,,,,,,1.0,1
,,2,1.0,,,,,,1.0,1
,,2,1.0,,,,,,1.0,1
,,2,1.0,,,,,,1.0,1
,,2,1.0,,,,,,1.0,1
,,2,1.0,,,,,,1.0,1
,,2,1.0,,,,,,1.0,1
,,2,1.0,,,,,,1.0,1
,,2,1.0,,,,,,1.0,1
,,2,1.0,,,,,,1.0,1
,,2,1.0,,,,,,1.0,1
,,2,1.0,,,,,,1.0,1
,,2,1.0,,,,,,1.0,1
,,2,1.0,,,,,,1.0,1
,,2,1.0,,,,,,1.0,1
,,2,1.0,,,,,,1.0,1
,,2,1.0,,,,,,1.0,1
,,2,1.0,,,,,,1.0,1
,,2,1.0,,,,,,1.0,1
,,2,1.0,,,,,,1.0,1
,,2,1.0,,,,,,1.0,1
,,2,1.0,,,,,,1.0,1
,,2,1.0,,,,,,1.0,1
,,2,1.0,,,,,,1.0,1
,,2,1.0,,,,,,1.0,1
,,2,1.0,,,,,,1.0,1
,,2,1.0,,,,,,1.0,1
,,2,1.0,,,,,,1.0,1
,,2,1.0,,,,,,1.0,1
,,2,1.0,,,,,,1.0,1
,,2,1.0,,,,,,1.0,1
,,2,1.0,,,,,,1.0,1
,,2,1.0,,,,,,1.0,1
,,2,1.0,,,,,,1.0,1
,,2,1.0,,,,,,1.0,1
,,2,1.0,,,,,,1.0,1
,,2,1.0,,,,,,1.0,1
,,2,1.0,,,,,,1.0,1
,,2,1.0,,,,,,1.0,1
,,2,1.0,,,,,,1.0,1
,,2,1.0,,,,,,1.0,1
,,2,1.0,,,,,,1.0,1
,,2,1.0,,,,,,1.0,1
,,2,1.0,,,,,,1.0,1
,,2,1.0,,,,,,1.0,1
,,2,1.0,,,,,,1.0,1
,,2,1.0,,,,,,1.0,1
,,2,1.0,,,,,,1.0,1
,,2,1.0,,,,,,1.0,1
,,2,1.0,,,,,,1.0,1
,,2,1.0,,,,,,1.0,1
,,2,1.0,,,,,,1.0,1
,,2,1.0,,,,,,1.0,1
,,2,1.0,,,,,,1.0,1
,,2,1.0,,,,,,1.0,1
,,2,1.0,,,,,,1.0,1
,,2,1.0,,,,,,1.0,1
,,2,1.0,,,,,,1.0,1
,,2,1.0,,,,,,1.0,1
,,2,1.0,,,,,,1.0,1
,,2,1.0,,,,,,1.0,1
,,2,1.0,,,,,,1.0,1
,,2,1.0,,,,,,1.0,1
,,2,1.0,,,,,,1.0,1
,,2,1.0,,,,,,1.0,1
,,2,1.0,,,,,,1.0,1
,,2,1.0,,,,,,1.0,1
,,2,1.0,,,,,,1.0,1
,,2,1.0,,,,,,1.0,1
,,2,1.0,,,,,,1.0,1
,,2,1.0,,,,,,1.0,1
,,2,1.0,,,,,,1.0,1
,,2,1.0,,,,,,1.0,1
,,2,1.0,,,,,,1.0,1
,,2,1.0,,,,,,1.0,1
,,2,1.0,,,,,,1.0,1
,,2,1.0,,,,,,1.0,1
,,2,1.0,,,,,,1.0,1
,,2,1.0,,,,,,1.0,1
,,2,1.0,,,,,,1.0,1
,,2,1.0,,,,,,1.0,1
,,2,1.0,,,,,,1.0,1
,,2,1.0,,,,,,1.0,1
,,2,1.0,,,,,,1.0,1
,,2,1.0,,,,,,1.0,1
,,2,1.0,,,,,,1.0,1
,,2,1.0,,,,,,1.0,1
,,2,1.0,,,,,,1.0,1
,,2,1.0,,,,,,1.0,1
,,2,1.0,,,,,,1.0,1
,,2,1.0,,,,,,1.0,1
,,2,1.0,,,,,,1.0,1
,,2,1.0,,,,,,1.0,1
,,2,1.0,,,,,,1.0,1
,,2,1.0,,,,,,1.0,1
,,2,1.0,,,,,,1.0,1
,,2,1.0,,,,,,1.0,1
,,2,1.0,,,,,,1.0,1
,,2,1.0,,,,,,1.0,1
,,2,1.0,,,,,,1.0,1
,,2,1.0,,,,,,1.0,1
,,2,1.0,,,,,,1.0,1
,,2,1.0,,,,,,1.0,1
,,2,1.0,,,,,,1.0,1
,,2,1.0,,,,,,1.0,1
,,2,1.0,,,,,,1.0,1
,,2,1.0,,,,,,1.0,1
,,2,1.0,,,,,,1.0,1
,,2,1.0,,,,,,1.0,1
,,2,1.0,,,,,,1.0,1
,,2,1.0,,,,,,1.0,1
,,2,1.0,,,,,,1.0,1
,,2,1.0,,,,,,1.0,1
,,2,1.0,,,,,,1.0,1
,,2,1.0,,,,,,1.0,1
,,2,1.0,,,,,,1.0,1
,,2,1.0,,,,,,1.0,1
,,2,1.0,,,,,,1.0,1
,,2,1.0,,,,,,1.0,1
,,2,1.0,,,,,,1.0,1
,,2,1.0,,,,,,1.0,1
,,2,1.0,,,,,,1.0,1
,,2,1.0,,,,,,1.0,1
,,2,1.0,,,,,,1.0,1
,,2,1.0,,,,,,1.0,1
,,2,1.0,,,,,,1.0,1
,,2,1.0,,,,,,1.0,1
,,2,1.0,,,,,,1.0,1
,,2,1.0,,,,,,1.0,1
,,2,1.0,,,,,,1.0,1
,,2,1.0,,,,,,1.0,1
,,2,1.0,,,,,,1.0,1
,,2,1.0,,,,,,1.0,1
,,2,1.0,,,,,,1.0,1
,,2,1.0,,,,,,1.0,1
,,2,1.0,,,,,,1.0,1
,,2,1.0,,,,,,1.0,1
,,2,1.0,,,,,,1.0,1
,,2,1.0,,,,,,1.0,1
,,2,1.0,,,,,,1.0,1
,,2,1.0,,,,,,1.0,1
,,2,1.0,,,,,,1.0,1
,,2,1.0,,,,,,1.0,1
,,2,1.0,,,,,,1.0,1
,,2,1.0,,,,,,1.0,1
,,2,1.0,,,,,,1.0,1
,,2,1.0,,,,,,1.0,1
,,2,1.0,,,,,,1.0,1
,,2,1.0,,,,,,1.0,1
,,2,1.0,,,,,,1.0,1
,,2,1.0,,,,,,1.0,1
,,2,1.0,,,,,,1.0,1
,,2,1.0,,,,,,1.0,1
,,2,1.0,,,,,,1.0,1
,,2,1.0,,,,,,1.0,1
,,2,1.0,,,,,,1.0,1
,,2,1.0,,,,,,1.0,1
,,2,1.0,,,,,,1.0,1
,,2,1.0,,,,,,1.0,1
,,2,1.0,,,,,,1.0,1
,,2,1.0,,,,,,1.0,1
,,2,1.0,,,,,,1.0,1
,,2,1.0,,,,,,1.0,1
,,2,1.0,,,,,,1.0,1
,,2,1.0,,,,,,1.0,1
,,2,1.0,,,,,,1.0,1
,,2,1.0,,,,,,1.0,1
,,2,1.0,,,,,,1.0,1
,,2,1.0,,,,,,1.0,1
,,2,1.0,,,,,,1.0,1
,,2,1.0,,,,,,1.0,1
,,2,1.0,,,,,,1.0,1
,,2,1.0,,,,,,1.0,1
,,2,1.0,,,,,,1.0,1
,,2,1.0,,,,,,1.0,1
,,2,1.0,,,,,,1.0,1
,,2,1.0,,,,,,1.0,1
,,2,1.0,,,,,,1.0,1
,,2,1.0,,,,,,1.0,1
,,2,1.0,,,,,,1.0,1
,,2,1.0,,,,,,1.0,1
,,2,1.0,,,,,,1.0,1
,,2,1.0,,,,,,1.0,1
,,2,1.0,,,,,,1.0,1
,,2,1.0,,,,,,1.0,1
,,2,1.0,,,,,,1.0,1
,,2,1.0,,,,,,1.0,1
,,2,1.0,,,,,,1.0,1
,,2,1.0,,,,,,1.0,1
,,2,1.0,,,,,,1.0,1
,,2,1.0,,,,,,1.0,1
,,2,1.0,,,,,,1.0,1
,,2,1.0,,,,,,1.0,1
,,2,1.0,,,,,,1.0,1
,,2,1.0,,,,,,1.0,1
,,2,1.0,,,,,,1.0,1
,,2,1.0,,,,,,1.0,1
,,2,1.0,,,,,,1.0,1
,,2,1.0,,,,,,1.0,1
,,2,1.0,,,,,,1.0,1
,,2,1.0,,,,,,1.0,1
,,2,1.0,,,,,,1.0,1
,,2,1.0,,,,,,1.0,1
,,2,1.0,,,,,,1.0,1
,,2,1.0,,,,,,1.0,1
,,2,1.0,,,,,,1.0,1
,,2,1.0,,,,,,1.0,1
,,2,1.0,,,,,,1.0,1
,,2,1.0,,,,,,1.0,1
,,2,1.0,,,,,,1.0,1
,,2,1.0,,,,,,1.0,1
,,2,1.0,,,,,,1.0,1
,,2,1.0,,,,,,1.0,1
,,2,1.0,,,,,,1.0,1
,,2,1.0,,,,,,1.0,1
,,2,1.0,,,,,,1.0,1
,,2,1.0,,,,,,1.0,1
,,2,1.0,,,,,,1.0,1
,,2,1.0,,,,,,1.0,1
,,2,1.0,,,,,,1.0,1
,,2,1.0,,,,,,1.0,1
,,2,1.0,,,,,,1.0,1
,,2,1.0,,,,,,1.0,1
,,2,1.0,,,,,,1.0,1
,,2,1.0,,,,,,1.0,1
,,2,1.0,,,,,,1.0,1
,,2,1.0,,,,,,1.0,1
,,2,1.0,,,,,,1.0,1
,,2,1.0,,,,,,1.0,1
,,2,1.0,,,,,,1.0,1
,,2,1.0,,,,,,1.0,1
,,2,1.0,,,,,,1.0,1
,,2,1.0,,,,,,1.0,1
,,2,1.0,,,,,,1.0,1
,,2,1.0,,,,,,1.0,1
,,2,1.0,,,,,,1.0,1
,,2,1.0,,,,,,1.0,1
,,2,1.0,,,,,,1.0,1
,,2,1.0,,,,,,1.0,1
,,2,1.0,,,,,,1.0,1
,,2,1.0,,,,,,1.0,1
,,2,1.0,,,,,,1.0,1
,,2,1.0,,,,,,1.0,1
,,2,1.0,,,,,,1.0,1
,,2,1.0,,,,,,1.0,1
,,2,1.0,,,,,,1.0,1
,,2,1.0,,,,,,1.0,1
,,2,1.0,,,,,,1.0,1
,,2,1.0,,,,,,1.0,1
,,2,1.0,,,,,,1.0,1
,,2,1.0,,,,,,1.0,1
,,2,1.0,,,,,,1.0,1
,,2,1.0,,,,,,1.0,1
,,2,1.0,,,,,,1.0,1
,,2,1.0,,,,,,1.0,1
,,2,1.0,,,,,,1.0,1
,,2,1.0,,,,,,1.0,1
,,2,1.0,,,,,,1.0,1
,,2,1.0,,,,,,1.0,1
,,2,1.0,,,,,,1.0,1
,,2,1.0,,,,,,1.0,1
,,2,1.0,,,,,,1.0,1
,,2,1.0,,,,,,1.0,1
,,2,1.0,,,,,,1.0,1
,,2,1.0,,,,,,1.0,1
,,2,1.0,,,,,,1.0,1
,,2,1.0,,,,,,1.0,1
,,2,1.0,,,,,,1.0,1
,,2,1.0,,,,,,1.0,1
,,2,1.0,,,,,,1.0,1
,,2,1.0,,,,,,1.0,1
,,2,1.0,,,,,,1.0,1
,,2,1.0,,,,,,1.0,1
,,2,1.0,,,,,,1.0,1
,,2,1.0,,,,,,1.0,1
,,2,1.0,,,,,,1.0,1
,,2,1.0,,,,,,1.0,1
,,2,1.0,,,,,,1.0,1
,,2,1.0,,,,,,1.0,1
,,2,1.0,,,,,,1.0,1
,,2,1.0,,,,,,1.0,1
,,2,1.0,,,,,,1.0,1
,,2,1.0,,,,,,1.0,1
,,2,1.0,,,,,,1.0,1
,,2,1.0,,,,,,1.0,1
,,2,1.0,,,,,,1.0,1
,,2,1.0,,,,,,1.0,1
,,2,1.0,,,,,,1.0,1
,,2,1.0,,,,,,1.0,1
,,2,1.0,,,,,,1.0,1
,,2,1.0,,,,,,1.0,1
,,2,1.0,,,,,,1.0,1
,,2,1.0,,,,,,1.0,1
,,2,1.0,,,,,,1.0,1
,,2,1.0,,,,,,1.0,1
,,2,1.0,,,,,,1.0,1
,,2,1.0,,,,,,1.0,1
,,2,1.0,,,,,,1.0,1
,,2,1.0,,,,,,1.0,1
,,2,1.0,,,,,,1.0,1
,,2,1.0,,,,,,1.0,1
,,2,1.0,,,,,,1.0,1
,,2,1.0,,,,,,1.0,1
,,2,1.0,,,,,,1.0,1
,,2,1.0,,,,,,1.0,1
,,2,1.0,,,,,,1.0,1
,,2,1.0,,,,,,1.0,1
,,2,1.0,,,,,,1.0,1
,,2,1.0,,,,,,1.0,1
,,2,1.0,,,,,,1.0,1
,,2,1.0,,,,,,1.0,1
,,2,1.0,,,,,,1.0,1
,,2,1.0,,,,,,1.0,1
,,2,1.0,,,,,,1.0,1
,,2,1.0,,,,,,1.0,1
,,2,1.0,,,,,,1.0,1
,,2,1.0,,,,,,1.0,1
,,2,1.0,,,,,,1.0,1
,,2,1.0,,,,,,1.0,1
,,2,1.0,,,,,,1.0,1
,,2,1.0,,,,,,1.0,1
,,2,1.0,,,,,,1.0,1
,,2,1.0,,,,,,1.0,1
,,2,1.0,,,,,,1.0,1
,,2,1.0,,,,,,1.0,1
,,2,1.0,,,,,,1.0,1
,,2,1.0,,,,,,1.0,1
,,2,1.0,,,,,,1.0,1
,,2,1.0,,,,,,1.0,1
,,2,1.0,,,,,,1.0,1
,,2,1.0,,,,,,1.0,1
,,2,1.0,,,,,,1.0,1
,,2,1.0,,,,,,1.0,1
,,2,1.0,,,,,,1.0,1
,,2,1.0,,,,,,1.0,1
,,2,1.0,,,,,,1.0,1
,,2,1.0,,,,,,1.0,1
,,2,1.0,,,,,,1.0,1
,,2,1.0,,,,,,1.0,1
,,2,1.0,,,,,,1.0,1
,,2,1.0,,,,,,1.0,1
,,2,1.0,,,,,,1.0,1
,,2,1.0,,,,,,1.0,1
,,2,1.0,,,,,,1.0,1
,,2,1.0,,,,,,1.0,1
,,2,1.0,,,,,,1.0,1
,,2,1.0,,,,,,1.0,1
,,2,1.0,,,,,,1.0,1
,,2,1.0,,,,,,1.0,1
,,2,1.0,,,,,,1.0,1
,,2,1.0,,,,,,1.0,1
,,2,1.0,,,,,,1.0,1
,,2,1.0,,,,,,1.0,1
,,2,1.0,,,,,,1.0,1
,,2,1.0,,,,,,1.0,1
,,2,1.0,,,,,,1.0,1
,,2,1.0,,,,,,1.0,1
,,2,1.0,,,,,,1.0,1
,,2,1.0,,,,,,1.0,1
,,2,1.0,,,,,,1.0,1
,,2,1.0,,,,,,1.0,1
,,2,1.0,,,,,,1.0,1
,,2,1.0,,,,,,1.0,1
,,2,1.0,,,,,,1.0,1
,,2,1.0,,,,,,1.0,1
,,2,1.0,,,,,,1.0,1
,,2,1.0,,,,,,1.0,1
,,2,1.0,,,,,,1.0,1
,,2,1.0,,,,,,1.0,1
,,2,1.0,,,,,,1.0,1
,,2,1.0,,,,,,1.0,1
,,2,1.0,,,,,,1.0,1
,,2,1.0,,,,,,1.0,1
,,2,1.0,,,,,,1.0,1
,,2,1.0,,,,,,1.0,1
,,2,1.0,,,,,,1.0,1
,,2,1.0,,,,,,1.0,1
,,2,1.0,,,,,,1.0,1
,,2,1.0,,,,,,1.0,1
,,2,1.0,,,,,,1.0,1
,,2,1.0,,,,,,1.0,1
,,2,1.0,,,,,,1.0,1
,,2,1.0,,,,,,1.0,1
,,2,1.0,,,,,,1.0,1
,,2,1.0,,,,,,1.0,1
,,2,1.0,,,,,,1.0,1
,,2,1.0,,,,,,1.0,1
,,2,1.0,,,,,,1.0,1
,,2,1.0,,,,,,1.0,1
,,2,1.0,,,,,,1.0,1
,,2,1.0,,,,,,1.0,1
,,2,1.0,,,,,,1.0,1
,,2,1.0,,,,,,1.0,1
,,2,1.0,,,,,,1.0,1
,,2,1.0,,,,,,1.0,1
,,2,1.0,,,,,,1.0,1
,,2,1.0,,,,,,1.0,1
,,2,1.0,,,,,,1.0,1
,,2,1.0,,,,,,1.0,1
,,2,1.0,,,,,,1.0,1
,,2,1.0,,,,,,1.0,1
,,2,1.0,,,,,,1.0,1
,,2,1.0,,,,,,1.0,1
,,2,1.0,,,,,,1.0,1
,,2,1.0,,,,,,1.0,1
,,2,1.0,,,,,,1.0,1
,,2,1.0,,,,,,1.0,1
,,2,1.0,,,,,,1.0,1
,,2,1.0,,,,,,1.0,1
,,2,1.0,,,,,,1.0,1
,,2,1.0,,,,,,1.0,1
,,2,1.0,,,,,,1.0,1
,,2,1.0,,,,,,1.0,1
,,2,1.0,,,,,,1.0,1
,,2,1.0,,,,,,1.0,1
,,2,1.0,,,,,,1.0,1
,,2,1.0,,,,,,1.0,1
,,2,1.0,,,,,,1.0,1
,,2,1.0,,,,,,1.0,1
,,2,1.0,,,,,,1.0,1
,,2,1.0,,,,,,1.0,1
,,2,1.0,,,,,,1.0,1
,,2,1.0,,,,,,1.0,1
,,2,1.0,,,,,,1.0,1
,,2,1.0,,,,,,1.0,1
,,2,1.0,,,,,,1.0,1
,,2,1.0,,,,,,1.0,1
,,2,1.0,,,,,,1.0,1
,,2,1.0,,,,,,1.0,1
,,2,1.0,,,,,,1.0,1
,,2,1.0,,,,,,1.0,1
,,2,1.0,,,,,,1.0,1
,,2,1.0,,,,,,1.0,1
,,2,1.0,,,,,,1.0,1
,,2,1.0,,,,,,1.0,1
,,2,1.0,,,,,,1.0,1
,,2,1.0,,,,,,1.0,1
,,2,1.0,,,,,,1.0,1
,,2,1.0,,,,,,1.0,1
,,2,1.0,,,,,,1.0,1
,,2,1.0,,,,,,1.0,1
,,2,1.0,,,,,,1.0,1
,,2,1.0,,,,,,1.0,1
,,2,1.0,,,,,,1.0,1
,,2,1.0,,,,,,1.0,1
,,2,1.0,,,,,,1.0,1
,,2,1.0,,,,,,1.0,1
,,2,1.0,,,,,,1.0,1
,,2,1.0,,,,,,1.0,1
,,2,1.0,,,,,,1.0,1
,,2,1.0,,,,,,1.0,1
,,2,1.0,,,,,,1.0,1
,,2,1.0,,,,,,1.0,1
,,2,1.0,,,,,,1.0,1
,,2,1.0,,,,,,1.0,1
,,2,1.0,,,,,,1.0,1
,,2,1.0,,,,,,1.0,1
,,2,1.0,,,,,,1.0,1
,,2,1.0,,,,,,1.0,1
,,2,1.0,,,,,,1.0,1
,,2,1.0,,,,,,1.0,1
,,2,1.0,,,,,,1.0,1
,,2,1.0,,,,,,1.0,1
,,2,1.0,,,,,,1.0,1
,,2,1.0,,,,,,1.0,1
,,2,1.0,,,,,,1.0,1
,,2,1.0,,,,,,1.0,1
,,2,1.0,,,,,,1.0,1
,,2,1.0,,,,,,1.0,1
,,2,1.0,,,,,,1.0,1
,,2,1.0,,,,,,1.0,1
,,2,1.0,,,,,,1.0,1
,,2,1.0,,,,,,1.0,1
,,2,1.0,,,,,,1.0,1
,,2,1.0,,,,,,1.0,1
,,2,1.0,,,,,,1.0,1
,,2,1.0,,,,,,1.0,1
,,2,1.0,,,,,,1.0,1
,,2,1.0,,,,,,1.0,1
,,2,1.0,,,,,,1.0,1
,,2,1.0,,,,,,1.0,1
,,2,1.0,,,,,,1.0,1
,,2,1.0,,,,,,1.0,1
,,2,1.0,,,,,,1.0,1
,,2,1.0,,,,,,1.0,1
,,2,1.0,,,,,,1.0,1
,,2,1.0,,,,,,1.0,1
,,2,1.0,,,,,,1.0,1
,,2,1.0,,,,,,1.0,1
,,2,1.0,,,,,,1.0,1
,,2,1.0,,,,,,1.0,1
,,2,1.0,,,,,,1.0,1
,,2,1.0,,,,,,1.0,1
,,2,1.0,,,,,,1.0,1
,,2,1.0,,,,,,1.0,1
,,2,1.0,,,,,,1.0,1
,,2,1.0,,,,,,1.0,1
,,2,1.0,,,,,,1.0,1
,,2,1.0,,,,,,1.0,1
,,2,1.0,,,,,,1.0,1
,,2,1.0,,,,,,1.0,1
,,2,1.0,,,,,,1.0,1
,,2,1.0,,,,,,1.0,1
,,2,1.0,,,,,,1.0,1
,,2,1.0,,,,,,1.0,1
,,2,1.0,,,,,,1.0,1
,,2,1.0,,,,,,1.0,1
,,2,1.0,,,,,,1.0,1
,,2,1.0,,,,,,1.0,1
,,2,1.0,,,,,,1.0,1
,,2,1.0,,,,,,1.0,1
,,2,1.0,,,,,,1.0,1
,,2,1.0,,,,,,1.0,1
,,2,1.0,,,,,,1.0,1
,,2,1.0,,,,,,1.0,1
,,2,1.0,,,,,,1.0,1
,,2,1.0,,,,,,1.0,1
,,2,1.0,,,,,,1.0,1
,,2,1.0,,,,,,1.0,1
,,2,1.0,,,,,,1.0,1
,,2,1.0,,,,,,1.0,1
,,2,1.0,,,,,,1.0,1
,,2,1.0,,,,,,1.0,1
,,2,1.0,,,,,,1.0,1
,,2,1.0,,,,,,1.0,1
,,2,1.0,,,,,,1.0,1
,,2,1.0,,,,,,1.0,1
,,2,1.0,,,,,,1.0,1
,,2,1.0,,,,,,1.0,1
,,2,1.0,,,,,,1.0,1
,,2,1.0,,,,,,1.0,1
,,2,1.0,,,,,,1.0,1
,,2,1.0,,,,,,1.0,1
,,2,1.0,,,,,,1.0,1
,,2,1.0,,,,,,1.0,1
,,2,1.0,,,,,,1.0,1
,,2,1.0,,,,,,1.0,1
,,2,1.0,,,,,,1.0,1
,,2,1.0,,,,,,1.0,1
,,2,1.0,,,,,,1.0,1
,,2,1.0,,,,,,1.0,1
,,2,1.0,,,,,,1.0,1
,,2,1.0,,,,,,1.0,1
,,2,1.0,,,,,,1.0,1
,,2,1.0,,,,,,1.0,1
,,2,1.0,,,,,,1.0,1
,,2,1.0,,,,,,1.0,1
,,2,1.0,,,,,,1.0,1
,,2,1.0,,,,,,1.0,1
,,2,1.0,,,,,,1.0,1
,,2,1.0,,,,,,1.0,1
,,2,1.0,,,,,,1.0,1
,,2,1.0,,,,,,1.0,1
,,2,1.0,,,,,,1.0,1
,,2,1.0,,,,,,1.0,1
,,2,1.0,,,,,,1.0,1
,,2,1.0,,,,,,1.0,1
,,2,1.0,,,,,,1.0,1
,,2,1.0,,,,,,1.0,1
,,2,1.0,,,,,,1.0,1
,,2,1.0,,,,,,1.0,1
,,2,1.0,,,,,,1.0,1
,,2,1.0,,,,,,1.0,1
,,2,1.0,,,,,,1.0,1
,,2,1.0,,,,,,1.0,1
,,2,1.0,,,,,,1.0,1
,,2,1.0,,,,,,1.0,1
,,2,1.0,,,,,,1.0,1
,,2,1.0,,,,,,1.0,1
,,2,1.0,,,,,,1.0,1
,,2,1.0,,,,,,1.0,1
,,2,1.0,,,,,,1.0,1
,,2,1.0,,,,,,1.0,1
,,2,1.0,,,,,,1.0,1
,,2,1.0,,,,,,1.0,1
,,2,1.0,,,,,,1.0,1
,,2,1.0,,,,,,1.0,1
,,2,1.0,,,,,,1.0,1
,,2,1.0,,,,,,1.0,1
,,2,1.0,,,,,,1.0,1
,,2,1.0,,,,,,1.0,1
,,2,1.0,,,,,,1.0,1
,,2,1.0,,,,,,1.0,1
,,2,1.0,,,,,,1.0,1
,,2,1.0,,,,,,1.0,1
,,2,1.0,,,,,,1.0,1
,,2,1.0,,,,,,1.0,1
,,2,1.0,,,,,,1.0,1
,,2,1.0,,,,,,1.0,1
,,2,1.0,,,,,,1.0,1
,,2,1.0,,,,,,1.0,1
,,2,1.0,,,,,,1.0,1
,,2,1.0,,,,,,1.0,1
,,2,1.0,,,,,,1.0,1
,,2,1.0,,,,,,1.0,1
,,2,1.0,,,,,,1.0,1
,,2,1.0,,,,,,1.0,1
,,2,1.0,,,,,,1.0,1
,,2,1.0,,,,,,1.0,1
,,2,1.0,,,,,,1.0,1
,,2,1.0,,,,,,1.0,1
,,2,1.0,,,,,,1.0,1
,,2,1.0,,,,,,1.0,1
,,2,1.0,,,,,,1.0,1
,,2,1.0,,,,,,1.0,1
,,2,1.0,,,,,,1.0,1
,,2,1.0,,,,,,1.0,1
,,2,1.0,,,,,,1.0,1
,,2,1.0,,,,,,1.0,1
,,2,1.0,,,,,,1.0,1
,,2,1.0,,,,,,1.0,1
,,2,1.0,,,,,,1.0,1
,,2,1.0,,,,,,1.0,1
,,2,1.0,,,,,,1.0,1
,,2,1.0,,,,,,1.0,1
,,2,1.0,,,,,,1.0,1
,,2,1.0,,,,,,1.0,1
,,2,1.0,,,,,,1.0,1
,,2,1.0,,,,,,1.0,1
,,2,1.0,,,,,,1.0,1
,,2,1.0,,,,,,1.0,1
,,2,1.0,,,,,,1.0,1
,,2,1.0,,,,,,1.0,1
,,2,2.0,,,,,,2.0,1
,,2,2.0,,,,,,2.0,1
,,2,2.0,,,,,,2.0,1
,,2,2.0,,,,,,2.0,1
,,2,2.0,,,,,,2.0,1
,,2,2.0,,,,,,2.0,1
,,2,2.0,,,,,,2.0,1
,,2,2.0,,,,,,2.0,1
,,2,2.0,,,,,,2.0,1
,,2,2.0,,,,,,2.0,1
,,2,2.0,,,,,,2.0,1
,,2,2.0,,,,,,2.0,1
,,2,2.0,,,,,,2.0,1
,,2,2.0,,,,,,2.0,1
,,2,2.0,,,,,,2.0,1
,,2,2.0,,,,,,2.0,1
,,2,2.0,,,,,,2.0,1
,,2,2.0,,,,,,2.0,1
,,2,2.0,,,,,,2.0,1
,,2,2.0,,,,,,2.0,1
,,2,2.0,,,,,,2.0,1
,,2,2.0,,,,,,2.0,1
,,2,2.0,,,,,,2.0,1
,,2,2.0,,,,,,2.0,1
,,2,2.0,,,,,,2.0,1
,,2,2.0,,,,,,2.0,1
,,2,2.0,,,,,,2.0,1
,,2,2.0,,,,,,2.0,1
,,2,2.0,,,,,,2.0,1
,,2,2.0,,,,,,2.0,1
,,2,2.0,,,,,,2.0,1
,,2,2.0,,,,,,2.0,1
,,2,2.0,,,,,,2.0,1
,,2,2.0,,,,,,2.0,1
,,2,2.0,,,,,,2.0,1
,,2,2.0,,,,,,2.0,1
,,2,2.0,,,,,,2.0,1
,,2,2.0,,,,,,2.0,1
,,2,2.0,,,,,,2.0,1
,,2,2.0,,,,,,2.0,1
,,2,2.0,,,,,,2.0,1
,,2,2.0,,,,,,2.0,1
,,2,2.0,,,,,,2.0,1
,,2,2.0,,,,,,2.0,1
,,2,2.0,,,,,,2.0,1
,,2,2.0,,,,,,2.0,1
,,2,2.0,,,,,,2.0,1
,,2,2.0,,,,,,2.0,1
,,2,2.0,,,,,,2.0,1
,,2,2.0,,,,,,2.0,1
,,2,2.0,,,,,,2.0,1
,,2,2.0,,,,,,2.0,1
,,2,2.0,,,,,,2.0,1
,,2,2.0,,,,,,2.0,1
,,2,2.0,,,,,,2.0,1
,,2,2.0,,,,,,2.0,1
,,2,2.0,,,,,,2.0,1
,,2,2.0,,,,,,2.0,1
,,2,2.0,,,,,,2.0,1
,,2,2.0,,,,,,2.0,1
,,2,2.0,,,,,,2.0,1
,,2,2.0,,,,,,2.0,1
,,2,2.0,,,,,,2.0,1
,,2,2.0,,,,,,2.0,1
,,2,2.0,,,,,,2.0,1
,,2,2.0,,,,,,2.0,1
,,2,2.0,,,,,,2.0,1
,,2,2.0,,,,,,2.0,1
,,2,2.0,,,,,,2.0,1
,,2,2.0,,,,,,2.0,1
,,2,2.0,,,,,,2.0,1
,,2,2.0,,,,,,2.0,1
,,2,2.0,,,,,,2.0,1
,,2,2.0,,,,,,2.0,1
,,2,2.0,,,,,,2.0,1
,,2,2.0,,,,,,2.0,1
,,2,2.0,,,,,,2.0,1
,,2,2.0,,,,,,2.0,1
,,2,2.0,,,,,,2.0,1
,,2,2.0,,,,,,2.0,1
,,2,2.0,,,,,,2.0,1
,,2,2.0,,,,,,2.0,1
,,2,2.0,,,,,,2.0,1
,,2,2.0,,,,,,2.0,1
,,2,2.0,,,,,,2.0,1
,,1,2.0,,,,,,2.0,1
,,1,,,,,,,890.0,1
,,1,,,,,,,260.0,1
,,1,3.0,,,,,,2890.0,1
,,1,,,,,,,195.0,1
,,1,3.0,,,,,,1695.0,1
,,1,,,,,,,1465.0,1
,,1,,,,,,,2055.0,1
,,1,1.0,,,,,,669920.0,4
,,1,,,,,,,1125.0,1
,,1,,,,,,,35.0,1
,,1,4.0,,,,,,3915.0,1
,,1,2.0,,,,,,172.0,1
,,1,,,,,,,28.0,1
,,1,,,,,,,8.0,1
,,1,,,,,,,26.0,1
,,8,,,,,,,13.0,1
,,1,,,,,,,38.0,1
,,1,,,,,,,9523.0,1
,,1,,,,,,,39.0,1
,,1,,,,,,,100.0,1
,,1,,,,,,,270.0,1
,,1,,,,,,,38063.0,1
,,1,,,,,,,6925.0,1
,,1,,,,,,,92492.0,1
,,1,,,,,,,39430.0,1
,,1,,,,,,,3.0,1
,,1,,,,,,,71950.0,1
,,1,,,,,,,27.0,1
,,1,,,,,,,5000.0,1
,,1,,,,,,,245.0,1
,,1,,,,,,,336.0,1
,,5,1.0,,,,,,35.0,1
,,3,,,,,,,18000.0,1
,,3,1.0,,,,,,122.0,1
,,1,2.0,,,,,,208.0,1
,,3,1.0,,,,,,10.0,1
,,1,3.0,,,,,,3.0,1
,,1,7.0,,,,,,7.0,1
,,1,3.0,,,,,,3.0,1
,,1,6.0,,,,,,6.0,1
,,1,5.0,,,,,,5.0,1
,,4,9.0,,,,,,46696.0,1
,,3,,,,,,,35.0,1
,,3,,,,,,,1261.0,1
,,8,2.0,,,,,,50.0,1
,,1,,,,,,,607.0,1
,,2,,,,,,,21.0,1
,,2,3.0,,,,,,3.0,1
,,2,3.0,,,,,,3.0,1
,,2,3.0,,,,,,3.0,1
,,2,3.0,,,,,,3.0,1
,,2,3.0,,,,,,3.0,1
,,2,3.0,,,,,,3.0,1
,,2,3.0,,,,,,3.0,1
,,2,7.0,,,,,,7.0,1
,,2,3.0,,,,,,3.0,1
,,2,3.0,,,,,,3.0,1
,,2,3.0,,,,,,3.0,1
,,2,3.0,,,,,,3.0,1
,,2,3.0,,,,,,3.0,1
,,2,3.0,,,,,,3.0,1
,,2,3.0,,,,,,3.0,1
,,2,10.0,,,,,,10.0,1
,,2,9.0,,,,,,9.0,1
,,2,4.0,,,,,,4.0,1
,,2,8.0,,,,,,8.0,1
,,2,4.0,,,,,,4.0,1
,,2,5.0,,,,,,5.0,1
,,2,3.0,,,,,,3.0,1
,,2,3.0,,,,,,3.0,1
,,2,3.0,,,,,,3.0,1
,,2,,,,,,,2455.0,1
,,2,10.0,,,,,,10.0,1
,,2,3.0,,,,,,3.0,1
,,2,3.0,,,,,,3.0,1
,,2,12.0,,,,,,12.0,1
,,2,8.0,,,,,,8.0,1
,,2,3.0,,,,,,3.0,1
,,2,3.0,,,,,,3.0,1
,,2,6.0,,,,,,6.0,1
,,2,4.0,,,,,,4.0,1
,,2,8.0,,,,,,8.0,1
,,2,3.0,,,,,,3.0,1
,,2,4.0,,,,,,4.0,1
,,2,11.0,,,,,,11.0,1
,,2,5.0,,,,,,5.0,1
,,2,6.0,,,,,,6.0,1
,,2,5.0,,,,,,5.0,1
,,2,3.0,,,,,,3.0,1
,,2,6.0,,,,,,6.0,1
,,2,6.0,,,,,,6.0,1
,,2,4.0,,,,,,4.0,1
,,2,3.0,,,,,,3.0,1
,,2,3.0,,,,,,3.0,1
,,2,7.0,,,,,,7.0,1
,,2,3.0,,,,,,3.0,1
,,2,4.0,,,,,,1342.0,1
,,2,5.0,,,,,,5.0,1
,,2,3.0,,,,,,3.0,1
,,2,6.0,,,,,,1926.0,1
,,2,2.0,,,,,,10.0,1
,,2,5.0,,,,,,5.0,1
,,2,5.0,,,,,,5.0,1
,,2,6.0,,,,,,6.0,1
,,2,9.0,,,,,,9.0,1
,,2,19.0,,,,,,19.0,1
,,2,25.0,,,,,,25.0,1
,,2,14.0,,,,,,14.0,1
,,2,5.0,,,,,,5.0,1
,,2,7.0,,,,,,7.0,1
,,2,5.0,,,,,,5.0,1
,,2,6.0,,,,,,6.0,1
,,2,3.0,,,,,,3.0,1
,,2,,,,,,,1400.0,1
,,2,3.0,,,,,,300.0,1
,,2,4.0,,,,,,4.0,1
,,2,15.0,,,,,,15.0,1
,,2,8.0,,,,,,8.0,1
,,2,6.0,,,,,,6.0,1
,,2,6.0,,,,,,6.0,1
,,2,5.0,,,,,,5.0,1
,,2,7.0,,,,,,7.0,1
,,2,5.0,,,,,,5.0,1
,,2,3.0,,,,,,3.0,1
,,2,5.0,,,,,,5.0,1
,,2,4.0,,,,,,4.0,1
,,2,4.0,,,,,,4.0,1
,,1,,,,,,1658.0,1741.0,1
,,1,1.0,1.0,,,,,3.0,1
,,1,12.0,,189.0,,,,206432.0,1
,,1,3.0,,16.0,,,,44130.0,1
,,1,,,10.0,,,,70.0,1
,,1,1.0,,4.0,,,,16000.0,1
,,1,,,27.0,,,,170.0,1
,,1,,,491.0,,,,1725.0,1
,,1,1.0,,14.0,,,,105271.0,1
,,1,3.0,,1498.0,,,,462000.0,4
,,1,2.0,,83.0,,,,730.0,1
,,1,,,2.0,,,,10.0,1
,,1,5.0,,173.0,,,,970030.0,4
,,2,1.0,,201.0,,,,434.0,1
,,1,2.0,3.0,1.0,,,,,1
,,1,1.0,1.0,1.0,,,,,1
,,1,1.0,1.0,1.0,,,,,1
,,1,1.0,1.0,1.0,,,,,1
,,1,4.0,1.0,1.0,,,,,1
,,1,5.0,2.0,4.0,,,,,1
,,1,5.0,1.0,1.0,,,,,1
,,1,,3.0,3.0,,,,,1
,,1,2.0,5.0,7.0,,,,,1
,,1,1.0,1.0,2.0,,,,,1
,,1,1.0,1.0,1.0,,,,,1
,,1,5.0,1.0,4.0,,,,,1
,,1,5.0,1.0,1.0,,,,,1
,,1,1.0,,1.0,,,,,1
,,1,1.0,,1.0,,,,,1
,,1,1.0,,1.0,,,,,1
,,1,1.0,,1.0,,,,,1
,,1,1.0,,1.0,,,,,1
,,1,1.0,,1.0,,,,,1
,,1,1.0,,1.0,,,,,1
,,1,2.0,,1.0,,,,,1
,,1,1.0,,1.0,,,,,1
,,1,1.0,,1.0,,,,,1
,,2,,,94.0,,,,,1
,,1,,,12.0,,,,,1
,,1,,,5.0,,,,,1
,,1,,,59.0,,,,,1
,,1,,,24.0,,,,,1
,,1,,,88.0,,,,,1
,,1,,,301.0,,,,,1
,,1,,,23.0,,,,,1
,,1,,,45.0,,,,,1
,,1,,,55.0,,,,,1
,,1,,,52.0,,,,,1
,,1,,,13.0,,,,,1
,,1,,,58.0,,,,,1
,,1,,,2.0,,,,,1
,,1,,,83.0,,,,,1
,,1,,,50.0,,,,,1
,,1,,,29.0,,,,,1
,,1,,,55.0,,,,,1
,,1,,,191.0,,,,,1
,,1,,,107.0,,,,,1
,,1,,,66.0,,,,,1
,,1,,,5.0,,,,,1
,,1,,,6.0,,,,,1
,,1,,,11.0,,,,,1
,,1,,,2.0,,,,,1
,,1,,,2.0,,,,,1
,,1,,,2.0,,,,,1
,,1,,,3.0,,,,,1
,,1,,,5.0,,,,,1
,,1,,,2.0,,,,,1
,,1,,,3.0,,,,,1
,,1,,,3.0,,,,,1
,,1,,,4.0,,,,,1
,,1,,,4.0,,,,,1
,,1,,,2.0,,,,,1
,,1,,,3.0,,,,,1
,,1,,,3.0,,,,,1
,,1,,,6.0,,,,,1
,,1,,,5.0,,,,,1
,,1,,,2.0,,,,,1
,,1,,,2.0,,,,,1
,,1,,,3.0,,,,,1
,,1,,,1.0,,,,,1
,,1,,,1.0,,,,,1
,,1,,,1.0,,,,,1
,,1,,,1.0,,,,,1
,,1,,,1.0,,,,,1
,,1,,,1.0,,,,,1
,,1,,,1.0,,,,,1
,,1,,,1.0,,,,,1
,,1,,,1.0,,,,,1
,,1,,,1.0,,,,,1
,,1,,,1.0,,,,,1
,,1,,,1.0,,,,,1
,,1,,,1.0,,,,,1
,,1,,,1.0,,,,,1
,,1,,,1.0,,,,,1
,,1,,,1.0,,,,,1
,,1,,,1.0,,,,,1
,,1,,,1.0,,,,,1
,,1,,,1.0,,,,,1
,,1,,,1.0,,,,,1
,,1,,,1.0,,,,,1
,,1,,,1.0,,,,,1
,,1,,,1.0,,,,,1
,,1,,,1.0,,,,,1
,,1,,,1.0,,,,,1
,,1,,,1.0,,,,,1
,,1,,,1.0,,,,,1
,,1,,,1.0,,,,,1
,,1,,,1.0,,,,,1
,,1,,,1.0,,,,,1
,,1,,,1.0,,,,,1
,,1,,,1.0,,,,,1
,,1,,,1.0,,,,,1
,,1,,,1.0,,,,,1
,,1,,,1.0,,,,,1
,,1,,,1.0,,,,,1
,,1,,,1.0,,,,,1
,,2,1.0,4.0,,,4.0,,13.0,1
,,2,1.0,10.0,,,5.0,,18.0,3
,,2,1.0,2.0,2.0,,13.0,,43.0,1
,,2,1.0,7.0,,,6.0,,26.0,1
,,2,1.0,6.0,,,5.0,,17.0,1
,83.0,2,1.0,3.0,6.0,,6.0,12.0,67.0,7
,,2,1.0,10.0,20.0,,25.0,,45.0,3
,,2,1.0,16.0,3.0,,16.0,,32.0,3
,108.0,2,1.0,2.0,5.0,,20.0,25.0,80.0,7
,44.0,2,3.0,7.0,,,9.0,17.0,17.0,7
,,2,1.0,5.0,2.0,,24.0,,45.0,1
,,2,1.0,5.0,5.0,,15.0,,63.0,1
,,1,,,71.0,,211.0,6802.0,8421.0,1
,,1,5.0,,641.0,,5916.0,,802784.0,4
,,1,7.0,,361.0,,4925.0,,87673.0,1
,,1,,,2.0,,779.0,,444748.0,4
,,1,1.0,,132.0,,6563.0,,150000.0,1
,,1,1.0,,109.0,,1265.0,,582077.0,4
,,1,1.0,,1429.0,,21286.0,,57370.0,1
,,1,15.0,,46.0,,4606.0,,156000.0,1
,,1,1.0,,39.0,,249.0,,108456.0,1
,,1,,,41.0,,328.0,,107360.0,1
,,1,,,3.0,,15.0,,1641.0,1
,,1,2.0,,262.0,,4916.0,,8000.0,1
,,1,,,74.0,,1022.0,,8000.0,1
,,1,8.0,,187.0,,7483.0,,717080.0,4
,,1,2.0,,24.0,,893.0,,14970.0,1
,,1,3.0,,229.0,,3920.0,,358473.0,1
,,2,,,263.0,,7.0,,270.0,1
,,2,,,12.0,,24.0,,36.0,1
,,3,,,535.0,,52.0,,68215.0,1
,,4,1.0,,5019.0,,384.0,,68215.0,1
,,1,1.0,,664.0,,199.0,,1.0,1
,,5,,,380.0,,173.0,,213306.0,1
,,5,9.0,,5017.0,,2561.0,,20000.0,1
,,4,,,25.0,,74.0,,1500.0,1
,,4,,,4120.0,,229.0,,358473.0,1
,,5,4.0,,27342.0,,7501.0,,933390.0,6
,,1,,,7.0,,41.0,,2611.0,1
,,1,,,10.0,,328.0,,3231.0,1
,,1,,,2.0,,28.0,,317.0,1
,,5,12.0,,17903.0,,7739.0,,1723623.0,6
,,5,3.0,,2900.0,,1220.0,,191565.0,1
,,3,,,20.0,,379.0,,5500.0,1
,,2,4.0,,985.0,,456.0,,17447.0,1
,,2,,,219.0,,61.0,,1400.0,1
,,2,1.0,,5245.0,,2488.0,,21975.0,1
,,2,,,3267.0,,91.0,,16799.0,1
,,2,3.0,,358.0,,1406.0,,441497.0,4
,,2,,,6648.0,,3488.0,,7500.0,1
,,2,,,2043.0,,114.0,,40500.0,1
,,2,2.0,,345.0,,61.0,,1549.0,1
,,2,1.0,,5.0,,12.0,,12.0,1
,,2,1.0,,1.0,,1.0,,10.0,1
,,2,2.0,,20.0,,45.0,,65.0,1
,,2,1.0,,10.0,,35.0,,61.0,1
,,2,1.0,,12.0,,38.0,,138.0,1
,,2,,,1585.0,,6723.0,,630000.0,4
,,2,3.0,,40269.0,,49603.0,,1814775.0,6
,,2,1.0,,1461.0,,1509.0,,900000.0,4
,,2,,,988.0,,9774.0,,1553722.0,4
,,2,1.0,,374.0,,11050.0,,145000.0,1
,,2,3.0,,462.0,,1096.0,,1140309.0,4
,,2,,,10042.0,,18785.0,,326845.0,1
,,2,,,4279.0,,14694.0,,984000.0,4
,,2,1.0,,1664.0,,32207.0,,2234706.0,6
,,1,1.0,,,,93.0,,21906.0,1
,,2,1.0,,,,16.0,,16.0,1
,,5,7.0,,,,5609.0,,717080.0,4
,,1,4.0,,,,1761.0,,17611.0,1
,,1,1.0,,,,223.0,,1490.0,1
,,2,2.0,,,,2.0,,2.0,1
,,4,2.0,,,,5445.0,,50000.0,1
,,4,1.0,,,,1437.0,,261569.0,1
,,4,8.0,,,,34437.0,,772275.0,4
,,4,2.0,,,,1760.0,,338462.0,1
,,4,4.0,,,,2518.0,,252991.0,1
,,4,10.0,,,,6760.0,,622348.0,4
,,4,5.0,,,,5981.0,,20000.0,1
,,4,10.0,,,,8072.0,,147400.0,1
,,4,20.0,,,,31810.0,,759328.0,4
,,1,7.0,,,,2710.0,,27100.0,1
,,1,4.0,,,,890.0,,8900.0,1
,,1,11.0,,,,796.0,,7960.0,1
,,1,1.0,,,,664.0,,6640.0,1
,,2,5.0,,,,5.0,,150.0,1
,,4,14.0,,,,3587.0,,35870.0,1
,,4,1.0,,,,2905.0,,32100.0,1
,,2,1.0,,,,292.0,,1460.0,1
,,2,1.0,,,,480.0,,480.0,1
,,2,1.0,,,,155.0,,775.0,1
,,2,2.0,,,,2.0,,8440.0,1
,,2,1.0,,,,10.0,,2965.0,1
,,1,3.0,,,,338.0,,3033.0,1
,,2,1.0,,,,471.0,,2355.0,1
,,2,6.0,,,,763.0,,3815.0,1
,,2,2.0,,,,10.0,,200.0,1
,,2,1.0,,,,600.0,,3600.0,1
,,2,4.0,,,,564.0,,25000.0,1
,,2,4.0,,,,11699.0,,383670.0,4
,,2,1.0,,,,12489.0,,526923.0,4
,,2,1.0,,,,635.0,,139674.0,1
,,2,1.0,,,,25.0,,150.0,1
,,2,1.0,,,,30.0,,148.0,1
,,2,1.0,,,,12.0,,12.0,1
,,2,1.0,,,,12.0,,12.0,1
,,2,1.0,,,,20.0,,56.0,1
,,2,3.0,,,,45.0,,45.0,1
,,2,1.0,,,,10.0,,25.0,1
,,2,1.0,,,,12.0,,22.0,1
,,2,1.0,,,,10.0,,10.0,1
,,2,1.0,,,,12.0,,32.0,1
,,2,1.0,,,,16.0,,16.0,1
,,2,1.0,,,,38.0,,38.0,1
,,2,1.0,,,,25.0,,68.0,1
,,2,1.0,,,,25.0,,68.0,1
,,2,1.0,,,,25.0,,69.0,1
,,2,2.0,,,,40.0,,40.0,1
,,2,2.0,,,,36.0,,66.0,1
,,2,1.0,,,,25.0,,25.0,1
,,2,1.0,,,,197.0,,13475.0,1
,,2,1.0,,,,24.0,,24.0,1
,,2,4.0,,,,14367.0,,84000.0,1
,,2,4.0,,,,211755.0,,2200000.0,6
,,2,2.0,,,,9389.0,,972000.0,4
,,2,1.0,,,,4000.0,,57050.0,1
,,2,4.0,,,,30.0,,30.0,1
,,1,,,,,895.0,,122.0,1
,,1,,,,,30.0,,1500.0,1
,,1,,,,,17.0,,5938.0,1
,,1,,,,,16.0,,24748.0,1
,,1,,,,,2005.0,,194082.0,1
,,1,,,,,6.0,,58.0,1
,,1,,,,,248.0,,3905.0,1
,,1,,,,,44.0,,224.0,1
,,1,,,,,366.0,,3660.0,1
,,1,,,,,13.0,,120.0,1
,,1,,,,,115.0,,1523.0,1
,,1,,,,,367.0,,1523.0,1
,,1,,,,,173.0,,1732.0,1
,,1,,,,,376.0,,3761.0,1
,,1,,,,,81.0,,822.0,1
,,1,,,,,271.0,,2710.0,1
,,1,,,,,449.0,,2249.0,1
,,4,,,,,231.0,,106902.0,1
,,4,,,,,16841.0,,71867.0,1
,,4,,,,,5641.0,,33646.0,1
,,4,,,,,2341.0,,81097.0,1
,,1,,,,,15.0,,150.0,1
,,1,,,,,152.0,,1520.0,1
,,1,,,,,316.0,,3160.0,1
,,1,,,,,11.0,,110.0,1
,,1,,,,,239.0,,2390.0,1
,,1,,,,,284.0,,2840.0,1
,,1,,,,,226.0,,2260.0,1
,,1,,,,,190.0,,1900.0,1
,,1,,,,,194.0,,1940.0,1
,,3,,,,,125.0,,1251.0,1
,,1,,,,,466.0,,4660.0,1
,,2,,,,,33.0,,336.0,1
,,2,,,,,381.0,,381.0,1
,,2,,,,,3.0,,201.0,1
,,2,,,,,13.0,,65.0,1
,,2,,,,,19.0,,110.0,1
,,2,,,,,68.0,,356.0,1
,,2,,,,,163.0,,815.0,1
,,2,,,,,478.0,,2890.0,1
,,2,,,,,75.0,,375.0,1
,,2,,,,,154.0,,776.0,1
,,2,,,,,152.0,,760.0,1
,,2,,,,,82.0,,410.0,1
,,2,,,,,544.0,,2720.0,1
,,2,,,,,424.0,,2120.0,1
,,2,,,,,153.0,,765.0,1
,,2,,,,,6.0,,30.0,1
,,2,,,,,15.0,,82.0,1
,,2,,,,,627.0,,3135.0,1
,,2,,,,,116.0,,696.0,1
,,2,,,,,1559.0,,7795.0,1
,,2,,,,,235.0,,1175.0,1
,,2,,,,,577.0,,3462.0,1
,,2,,,,,35.0,,210.0,1
,,2,,,,,33.0,,165.0,1
,,2,,,,,942.0,,4710.0,1
,,2,,,,,459.0,,2295.0,1
,,2,,,,,149.0,,894.0,1
,,2,,,,,21.0,,105.0,1
,,2,,,,,227.0,,1362.0,1
,,2,,,,,31.0,,121338.0,1
,,2,,,,,2631.0,,87661.0,1
,,2,,,,,5931.0,,37676.0,1
,,2,,,,,691.0,,57000.0,1
,,2,,,,,86.0,,74.0,1
,,2,,,,,176.0,,880.0,1
,,2,,,,,172.0,,1032.0,1
,,2,,,,,194.0,,970.0,1
,,2,,,,,17.0,,76.0,1
,,2,,,,,151.0,,6906.0,1
,,2,,,,,72.0,,432.0,1
,,2,,,,,725.0,,725.0,1
,,2,,,,,66.0,,375.0,1
,,2,,,,,424.0,,40250.0,1
,,2,,,,,1160.0,,40484.0,1
,,2,,,,,27177.0,,107205.0,1
,,2,,,,,21836.0,,1439000.0,4
,,2,,,,,70530.0,,152335.0,1
,,1,15.0,3.0,,,3.0,,,1
,,1,,2.0,8.0,,14.0,,,1
,,1,,3.0,,,3.0,,,1
,,1,,1.0,,,2.0,,,1
,,1,1.0,3.0,39.0,,762.0,,,1
,,1,,1.0,,,1.0,,,1
,,1,,2.0,49.0,,201.0,,,1
,,1,2.0,6.0,6.0,,6.0,,,1
,,1,,19.0,11.0,,202.0,,,3
,,1,1.0,2.0,6.0,,15.0,,,1
,,1,2.0,3.0,3.0,,6.0,,,1
,,1,,12.0,16.0,,369.0,,,3
,,1,,5.0,,,115.0,,,1
,,1,,1.0,,,1.0,,,1
,,1,,1.0,1.0,,2.0,,,1
,,1,1.0,1.0,,,1.0,,,1
,,1,,2.0,,,11.0,,,1
,,1,,1.0,,,50.0,,,1
,,1,,2.0,2.0,,1.0,,,1
,,1,32.0,13.0,126.0,,281.0,,,3
,,1,60.0,12.0,58.0,,7.0,,,0
,,1,11.0,11.0,160.0,,3789.0,,,3
,,1,29.0,3.0,5.0,,200.0,,,1
,,1,13.0,28.0,545.0,,2152.0,,,5
,,1,16.0,1.0,4.0,,957.0,,,1
,,1,12.0,16.0,176.0,,484.0,,,3
,,1,2.0,2.0,34.0,,119.0,,,1
,,1,7.0,1.0,,,20.0,,,1
,,1,1.0,5.0,5.0,,14.0,,,1
,,1,1.0,2.0,10.0,,10.0,,,1
,,1,2.0,3.0,20.0,,5.0,,,1
,,1,12.0,20.0,178.0,,1930.0,,,3
,,1,,2.0,,,8.0,,,1
,,1,,1.0,1.0,,1.0,,,1
,,1,,1.0,6.0,,4.0,,,1
,,1,,1.0,9.0,,8.0,,,1
,,1,,3.0,,,1.0,,,1
,,1,1.0,,227.0,,1781.0,,,1
,,1,1.0,,139.0,,328.0,,,1
,,1,3.0,,10.0,,42.0,,,1
,,1,2.0,,,,1.0,,,1
,,1,1.0,,,,11.0,,,1
,,1,1.0,,,,2.0,,,1
,,1,2.0,,,,1.0,,,1
,,1,1.0,,,,8.0,,,1
,,1,1.0,,,,1.0,,,1
,,1,3.0,,,,8.0,,,1
,,1,1.0,,,,1.0,,,1
,,1,1.0,,1.0,,9.0,,,1
,,1,1.0,,,,1.0,,,1
,,1,3.0,,,,5.0,,,1
,,1,2.0,,2.0,,409.0,,,1
,,1,1.0,,,,1.0,,,1
,,1,1.0,,,,42.0,,,1
,,1,1.0,,10.0,,28.0,,,1
,,1,1.0,,5.0,,13.0,,,1
,,1,4.0,,1.0,,11.0,,,1
,,1,1.0,,2.0,,19.0,,,1
,,1,3.0,,115.0,,11.0,,,1
,,1,1.0,,46.0,,331.0,,,1
,,1,1.0,,,,1.0,,,1
,,1,2.0,,,,7.0,,,1
,,1,1.0,,,,8.0,,,1
,,1,5.0,,1.0,,11.0,,,1
,,1,1.0,,1.0,,6.0,,,1
,,1,1.0,,,,8.0,,,1
,,1,1.0,,,,2.0,,,1
,,1,16.0,,2.0,,5.0,,,1
,,1,1.0,,,,2.0,,,1
,,1,6.0,,4.0,,5.0,,,1
,,1,4.0,,22.0,,17.0,,,1
,,1,1.0,,2.0,,1.0,,,1
,,1,2.0,,2.0,,16.0,,,1
,,1,1.0,,4.0,,5.0,,,1
,,2,,,569.0,,9.0,,,1
,,1,,,680.0,,457.0,,,1
,,1,,,75.0,,82.0,,,1
,,1,,,898.0,,901.0,,,1
,,1,,,199.0,,514.0,,,1
,,1,,,201.0,,1313.0,,,1
,,1,,,13.0,,325.0,,,1
,,1,,,8.0,,2.0,,,1
,,1,,,69.0,,413.0,,,1
,,1,,,959.0,,607.0,,,1
,,1,,,24.0,,3.0,,,1
,,1,,,2.0,,12.0,,,1
,,1,,,3.0,,6.0,,,1
,,1,,,2.0,,1.0,,,1
,,1,,,2.0,,1.0,,,1
,,1,,,3.0,,3.0,,,1
,,1,,,3.0,,13.0,,,1
,,1,,,4.0,,5.0,,,1
,,1,,,2.0,,2.0,,,1
,,1,,,2.0,,3.0,,,1
,,1,,,2.0,,1.0,,,1
,,1,,,2.0,,3.0,,,1
,,1,,,2.0,,3.0,,,1
,,1,,,2.0,,13.0,,,1
,,1,,,18.0,,426.0,,,1
,,1,,,2.0,,9.0,,,1
,,1,,,2.0,,16.0,,,1
,,1,,,2.0,,7.0,,,1
,,1,,,3.0,,1.0,,,1
,,1,,,5.0,,5.0,,,1
,,1,,,16.0,,24.0,,,1
,,1,,,17.0,,12.0,,,1
,,1,,,3.0,,90.0,,,1
,,1,,,76.0,,324.0,,,1
,,1,,,5.0,,579.0,,,1
,,1,,,12.0,,46.0,,,1
,,1,,,59.0,,321.0,,,1
,,1,,,3.0,,13.0,,,1
,,1,,,3.0,,13.0,,,1
,,1,,,14.0,,3.0,,,1
,,1,,,17.0,,120.0,,,1
,,1,,,4.0,,58.0,,,1
,,1,,,13.0,,43.0,,,1
,,1,,,11.0,,30.0,,,1
,,1,,,3.0,,8.0,,,1
,,1,,,12.0,,5.0,,,1
,,1,,,4.0,,2.0,,,1
,,1,,,4.0,,16.0,,,1
,,1,,,3.0,,16.0,,,1
,,1,,,4.0,,4.0,,,1
,,1,,,2.0,,5.0,,,1
,,1,,,3.0,,7.0,,,1
,,1,,,12.0,,251.0,,,1
,,1,,,5.0,,2.0,,,1
,,1,,,3.0,,2.0,,,1
,,1,,,5.0,,5.0,,,1
,,1,,,4.0,,1.0,,,1
,,1,,,4.0,,2.0,,,1
,,1,,,16.0,,120.0,,,1
,,1,,,51.0,,2.0,,,1
,,1,,,7.0,,1.0,,,1
,,1,,,11.0,,7.0,,,1
,,1,,,3.0,,7.0,,,1
,,1,,,4.0,,15.0,,,1
,,1,,,5.0,,24.0,,,1
,,1,,,4.0,,4.0,,,1
,,1,,,4.0,,3.0,,,1
,,1,,,2.0,,1.0,,,1
,,1,,,3.0,,2.0,,,1
,,1,,,3.0,,21.0,,,1
,,1,,,5.0,,1.0,,,1
,,1,,,3.0,,3.0,,,1
,,1,,,2.0,,4.0,,,1
,,1,,,8.0,,38.0,,,1
,,1,,,5.0,,77.0,,,1
,,1,,,11.0,,5.0,,,1
,,1,,,2.0,,7.0,,,1
,,1,,,10.0,,4.0,,,1
,,1,,,5.0,,2.0,,,1
,,1,,,10.0,,4.0,,,1
,,1,,,3.0,,3.0,,,1
,,1,,,2.0,,7.0,,,1
,,1,,,2.0,,5.0,,,1
,,1,,,6.0,,17.0,,,1
,,1,,,2.0,,1.0,,,1
,,1,,,2.0,,1.0,,,1
,,1,,,2.0,,1.0,,,1
,,1,,,3.0,,5.0,,,1
,,1,,,1.0,,12.0,,,1
,,1,,,1.0,,2.0,,,1
,,1,,,1.0,,3.0,,,1
,,1,,,1.0,,1.0,,,1
,,1,,,1.0,,3.0,,,1
,,1,,,1.0,,2.0,,,1
,,1,,,1.0,,6.0,,,1
,,1,,,1.0,,4.0,,,1
,,1,,,1.0,,2.0,,,1
,,1,,,1.0,,7.0,,,1
,,1,,,1.0,,5.0,,,1
,,1,,,1.0,,2.0,,,1
,,1,,,1.0,,2.0,,,1
,,1,,,1.0,,8.0,,,1
,,1,,,1.0,,3.0,,,1
,,1,,,1.0,,6.0,,,1
,,1,,,1.0,,3.0,,,1
,,1,,,1.0,,45.0,,,1
,,1,,,1.0,,9.0,,,1
,,1,,,1.0,,3.0,,,1
,,1,,,1.0,,3.0,,,1
,,1,,,1.0,,3.0,,,1
,,1,,,1.0,,8.0,,,1
,,1,,,1.0,,6.0,,,1
,,1,,,1.0,,2.0,,,1
,,1,,,1.0,,24.0,,,1
,,1,,,1.0,,1.0,,,1
,,1,,,1.0,,4.0,,,1
,,1,,,1.0,,1.0,,,1
,,1,,,1.0,,2.0,,,1
,,1,,,1.0,,12.0,,,1
,,1,,,1.0,,6.0,,,1
,,1,,,1.0,,9.0,,,1
,,1,,,1.0,,6.0,,,1
,,1,,,1.0,,3.0,,,1
,,1,,,1.0,,5.0,,,1
,,1,,,1.0,,12.0,,,1
,,1,,,1.0,,17.0,,,1
,,1,,,1.0,,3.0,,,1
,,1,,,1.0,,3.0,,,1
,,1,,,1.0,,2.0,,,1
,,1,,,1.0,,10.0,,,1
,,1,,,1.0,,3.0,,,1
,,1,,,1.0,,1.0,,,1
,,1,,,1.0,,27.0,,,1
,,1,,,1.0,,1.0,,,1
,,1,,,1.0,,5.0,,,1
,,1,,,1.0,,1.0,,,1
,,1,,,1.0,,3.0,,,1
,,1,,,1.0,,1.0,,,1
,,1,,,1.0,,1.0,,,1
,,1,,,1.0,,3.0,,,1
,,2,,,,,51.0,,,1
,,1,,,,,89.0,,,1
,,1,,,,,4.0,,,1
,,1,,,,,4.0,,,1
,,1,,,,,4.0,,,1
,,1,,,,,5.0,,,1
,,1,,,,,4.0,,,1
,,1,,,,,5.0,,,1
,,1,,,,,4.0,,,1
,,1,,,,,4.0,,,1
,,1,,,,,5.0,,,1
,,1,,,,,4.0,,,1
,,1,,,,,8.0,,,1
,,1,,,,,4.0,,,1
,,1,,,,,7.0,,,1
,,1,,,,,8.0,,,1
,,1,,,,,6.0,,,1
,,1,,,,,4.0,,,1
,,1,,,,,7.0,,,1
,,1,,,,,4.0,,,1
,,1,,,,,5.0,,,1
,,1,,,,,4.0,,,1
,,1,,,,,4.0,,,1
,,1,,,,,5.0,,,1
,,1,,,,,13.0,,,1
,,1,,,,,5.0,,,1
,,1,,,,,21.0,,,1
,,1,,,,,7.0,,,1
,,1,,,,,6.0,,,1
,,1,,,,,158.0,,,1
,,1,,,,,5.0,,,1
,,1,,,,,4.0,,,1
,,1,,,,,5.0,,,1
,,1,,,,,10.0,,,1
,,1,,,,,9.0,,,1
,,1,,,,,4.0,,,1
,,1,,,,,4.0,,,1
,,1,,,,,74.0,,,1
,,1,,,,,5.0,,,1
,,1,,,,,6.0,,,1
,,1,,,,,7.0,,,1
,,1,,,,,25.0,,,1
,,1,,,,,11.0,,,1
,,1,,,,,7.0,,,1
,,1,,,,,14.0,,,1
,,1,,,,,10.0,,,1
,,1,,,,,9.0,,,1
,,1,,,,,4.0,,,1
,,1,,,,,6.0,,,1
,,1,,,,,5.0,,,1
,,1,,,,,5.0,,,1
,,1,,,,,6.0,,,1
,,1,,,,,26.0,,,1
,,1,,,,,5.0,,,1
,,1,,,,,8.0,,,1
,,1,,,,,41.0,,,1
,,1,,,,,4.0,,,1
,,1,,,,,4.0,,,1
,,1,,,,,4.0,,,1
,,1,,,,,5.0,,,1
,,1,,,,,5.0,,,1
,,1,,,,,6.0,,,1
,,1,,,,,6.0,,,1
,,1,,,,,4.0,,,1
,,1,,,,,20.0,,,1
,,1,,,,,6.0,,,1
,,1,,,,,4.0,,,1
,,1,,,,,9.0,,,1
,,1,,,,,19.0,,,1
,,1,,,,,13.0,,,1
,,1,,,,,12.0,,,1
,,1,,,,,30.0,,,1
,,1,,,,,5.0,,,1
,,1,,,,,6.0,,,1
,,1,,,,,6.0,,,1
,,1,,,,,5.0,,,1
,,1,,,,,8.0,,,1
,,1,,,,,4.0,,,1
,,1,,,,,19.0,,,1
,,1,,,,,4.0,,,1
,,1,,,,,8.0,,,1
,,1,,,,,4.0,,,1
,,1,,,,,10.0,,,1
,,1,,,,,10.0,,,1
,,1,,,,,3.0,,,1
,,1,,,,,3.0,,,1
,,1,,,,,3.0,,,1
,,1,,,,,3.0,,,1
,,1,,,,,3.0,,,1
,,1,,,,,3.0,,,1
,,1,,,,,3.0,,,1
,,1,,,,,3.0,,,1
,,1,,,,,3.0,,,1
,,1,,,,,3.0,,,1
,,1,,,,,3.0,,,1
,,1,,,,,3.0,,,1
,,1,,,,,3.0,,,1
,,1,,,,,3.0,,,1
,,1,,,,,3.0,,,1
,,1,,,,,3.0,,,1
,,1,,,,,3.0,,,1
,,1,,,,,3.0,,,1
,,1,,,,,3.0,,,1
,,1,,,,,3.0,,,1
,,1,,,,,3.0,,,1
,,1,,,,,3.0,,,1
,,1,,,,,3.0,,,1
,,1,,,,,3.0,,,1
,,1,,,,,3.0,,,1
,,1,,,,,3.0,,,1
,,1,,,,,3.0,,,1
,,1,,,,,3.0,,,1
,,1,,,,,3.0,,,1
,,1,,,,,3.0,,,1
,,1,,,,,3.0,,,1
,,1,,,,,3.0,,,1
,,1,,,,,3.0,,,1
,,1,,,,,3.0,,,1
,,1,,,,,2.0,,,1
,,1,,,,,2.0,,,1
,,1,,,,,2.0,,,1
,,1,,,,,2.0,,,1
,,1,,,,,2.0,,,1
,,1,,,,,2.0,,,1
,,1,,,,,2.0,,,1
,,1,,,,,2.0,,,1
,,1,,,,,2.0,,,1
,,1,,,,,2.0,,,1
,,1,,,,,2.0,,,1
,,1,,,,,2.0,,,1
,,1,,,,,2.0,,,1
,,1,,,,,2.0,,,1
,,1,,,,,2.0,,,1
,,1,,,,,2.0,,,1
,,1,,,,,2.0,,,1
,,1,,,,,2.0,,,1
,,1,,,,,2.0,,,1
,,1,,,,,2.0,,,1
,,1,,,,,2.0,,,1
,,1,,,,,2.0,,,1
,,1,,,,,2.0,,,1
,,1,,,,,2.0,,,1
,,1,,,,,2.0,,,1
,,1,,,,,2.0,,,1
,,1,,,,,2.0,,,1
,,1,,,,,2.0,,,1
,,1,,,,,2.0,,,1
,,1,,,,,2.0,,,1
,,1,,,,,2.0,,,1
,,1,,,,,2.0,,,1
,,1,,,,,2.0,,,1
,,1,,,,,2.0,,,1
,,1,,,,,2.0,,,1
,,1,,,,,2.0,,,1
,,1,,,,,2.0,,,1
,,1,,,,,2.0,,,1
,,1,,,,,2.0,,,1
,,1,,,,,2.0,,,1
,,1,,,,,2.0,,,1
,,1,,,,,2.0,,,1
,,1,,,,,2.0,,,1
,,1,,,,,2.0,,,1
,,1,,,,,2.0,,,1
,,1,,,,,2.0,,,1
,,1,,,,,1.0,,,1
,,1,,,,,1.0,,,1
,,1,,,,,1.0,,,1
,,1,,,,,1.0,,,1
,,1,,,,,1.0,,,1
,,1,,,,,1.0,,,1
,,1,,,,,1.0,,,1
,,1,,,,,1.0,,,1
,,1,,,,,1.0,,,1
,,1,,,,,1.0,,,1
,,1,,,,,1.0,,,1
,,1,,,,,1.0,,,1
,,1,,,,,1.0,,,1
,,1,,,,,1.0,,,1
,,1,,,,,1.0,,,1
,,1,,,,,1.0,,,1
,,1,,,,,1.0,,,1
,,1,,,,,1.0,,,1
,,1,,,,,1.0,,,1
,,1,,,,,1.0,,,1
,,1,,,,,1.0,,,1
,,1,,,,,1.0,,,1
,,1,,,,,1.0,,,1
,,1,,,,,1.0,,,1
,,1,,,,,1.0,,,1
,,1,,,,,1.0,,,1
,,1,,,,,1.0,,,1
,,1,,,,,1.0,,,1
,,1,,,,,1.0,,,1
,,1,,,,,1.0,,,1
,,1,,,,,1.0,,,1
,,1,,,,,1.0,,,1
,,1,,,,,1.0,,,1
,,1,,,,,1.0,,,1
,,1,,,,,1.0,,,1
,,1,,,,,1.0,,,1
,,1,,,,,1.0,,,1
,,1,,,,,1.0,,,1
,,1,,,,,1.0,,,1
,,1,,,,,1.0,,,1
,,1,,,,,1.0,,,1
,,1,,,,,1.0,,,1
,,1,,,,,1.0,,,1
,,1,,,,,1.0,,,1
,,1,,,,,1.0,,,1
,,1,,,,,1.0,,,1
,,1,,,,,1.0,,,1
,,1,,,,,1.0,,,1
,,1,,,,,1.0,,,1
,,1,,,,,1.0,,,1
,,1,,,,,1.0,,,1
,,1,,,,,1.0,,,1
,,1,,,,,1.0,,,1
,,1,,,,,1.0,,,1
,,1,,,,,1.0,,,1
,,1,,,,,1.0,,,1
,,1,,,,,1.0,,,1
,,1,,,,,1.0,,,1
,,1,,,,,1.0,,,1
,,1,,,,,1.0,,,1
,,1,,,,,1.0,,,1
,,1,,,,,1.0,,,1
,,1,,,,,1.0,,,1
,,1,,,,,1.0,,,1
,,1,,,,,1.0,,,1
,,1,,,,,1.0,,,1
,,1,,,,,1.0,,,1
,,1,,,,,1.0,,,1
,,1,,,,,1.0,,,1
,,1,,,,,1.0,,,1
,,1,,,,,1.0,,,1
,,1,,,,,1.0,,,1
,,1,,,,,1.0,,,1
,,1,,,,,1.0,,,1
,,1,,,,,1.0,,,1
,,1,,,,,1.0,,,1
,,1,,,,,1.0,,,1
,,1,,,,,1.0,,,1
,,1,,,,,1.0,,,1
,,1,,,,,1.0,,,1
,,1,,,,,1.0,,,1
,,1,,,,,1.0,,,1
,,1,,,,,1.0,,,1
,,1,,,,,1.0,,,1
,,1,,,,,1.0,,,1
,,1,,,,,1.0,,,1
,,1,,,,,1.0,,,1
,,1,,,,,1.0,,,1
,,1,,,,,1.0,,,1
,,1,,,,,1.0,,,1
,,1,,,,,1.0,,,1
,,1,,,,,1.0,,,1
,,1,,,,,1.0,,,1
,,1,,,,,1.0,,,1
,,1,,,,,1.0,,,1
,,1,,,,,1.0,,,1
,,1,,,,,1.0,,,1
,,1,,,,,1.0,,,1
,,1,,,,,1.0,,,1
,,1,,,,,1.0,,,1
,,1,,,,,1.0,,,1
,,1,,,,,1.0,,,1
,,1,,,,,1.0,,,1
,,1,,,,,1.0,,,1
,,1,,,,,1.0,,,1
,,1,,,,,1.0,,,1
,,1,,,,,1.0,,,1
,,1,,,,,1.0,,,1
,,1,,,,,1.0,,,1
,,1,,,,,1.0,,,1
,,1,,,,,1.0,,,1
,,1,,,,,1.0,,,1
,,1,,,,,1.0,,,1
,,1,,,,,1.0,,,1
,,1,,,,,1.0,,,1
,,1,,,,,1.0,,,1
,,1,,,,,1.0,,,1
,,1,,,,,1.0,,,1
,,1,,,,,1.0,,,1
,,1,,,,,1.0,,,1
,,1,,,,,1.0,,,1
,,1,,,,,1.0,,,1
,,1,,,,,1.0,,,1
,,1,,,,,1.0,,,1
,,1,,,,,1.0,,,1
,,1,,,,,1.0,,,1
,,1,,,,,1.0,,,1
,,1,,,,,1.0,,,1
,,1,,,,,1.0,,,1
,,1,,,,,1.0,,,1
,,1,,,,,1.0,,,1
,,1,,,,,1.0,,,1
,,1,,,,,1.0,,,1
,,1,,,,,1.0,,,1
,,1,,,,,1.0,,,1
2050823.535,,1,,,101.0,2050823.535,,,500.0,1
3625.925628,,1,,,,3625.925628,1.0,,50.0,1
213929.6121,,1,1.0,6.0,5.0,213929.6121,31.0,,4.0,1
20305.18352,,1,2.0,2.0,1.0,20305.18352,,,,1
20305.18352,,1,1.0,2.0,1.0,20305.18352,,,,1
3625.925628,,1,,2.0,,3625.925628,1.0,,,1
90648.1407,,1,5.0,2.0,,90648.1407,25.0,,,1
20305.18352,,1,4.0,5.0,1.0,20305.18352,,,,1
21755.55377,,1,1.0,,,21755.55377,6.0,,,1
20305.18352,,1,1.0,,1.0,20305.18352,,,,1
56564.4398,,1,1.0,,1.0,56564.4398,10.0,,,1
162441.4681,,1,1.0,,8.0,162441.4681,,,,1
348.0888603,,1,2.0,,,,,,,1
20305.18352,,1,1.0,,1.0,20305.18352,,,,1
116.02962009999999,,1,1.0,,,,,,,1
3625.925628,,1,1.0,,,3625.925628,1.0,,,1
18129.62814,,3,5.0,,,18129.62814,5.0,,,1
54388.88442,,1,1.0,,,54388.88442,15.0,,,1
119655.5457,,1,1.0,,5.0,119655.5457,5.0,,,1
3625.925628,,1,3.0,,,3625.925628,1.0,,,1
7251.851256,,1,1.0,,,7251.851256,2.0,,,1
286756328.3,,1,110.0,,13600.0,286756328.3,2925.0,,,2
3625.925628,,1,1.0,,,3625.925628,1.0,,,1
101525.9176,,1,2.0,,,101525.9176,,,,1
3625.925628,,1,4.0,,,3625.925628,1.0,,,1
15033087.65,,11,94.0,,,15033087.65,4146.0,,,0
7251.851256,,2,,,,7251.851256,2.0,,,1
1747696.1530000002,,31,,,,1747696.1530000002,482.0,,,1
1994259.095,,31,,,,1994259.095,550.0,,,1
1812962.814,,31,,,,1812962.814,500.0,,,1
5246714.384,,31,,,,5246714.384,1447.0,,,1
1798459.112,,31,,,,1798459.112,496.0,,,1
1965251.69,,31,,,,1965251.69,542.0,,,1
3625925.628,,31,,,,3625925.628,1000.0,,,1
3625.925628,,2,,,,3625.925628,1.0,,,1
928.2369607999999,,31,,,,,,,,1
3625.925628,,9,,,,3625.925628,1.0,,,1
3625.925628,,2,,,,3625.925628,1.0,,,1
3625.925628,,2,,,,3625.925628,1.0,,,1
9862.517708,,31,,,,,,,,1
1700559.12,,8,,,,1700559.12,469.0,,,1
2251699.815,,31,,,,2251699.815,621.0,,,1
10353419.44,,11,,,,10353419.44,,,,1
110228.1391,,124,,,4.0,110228.1391,8.0,,,8
62365.9208,,8,,,2.0,62365.9208,6.0,,,1
150838.5061,,1,,,6.0,150838.5061,8.0,,,1
186372.5773,,1,,,9.0,186372.5773,1.0,,,1
112403.6945,,1,,,5.0,112403.6945,3.0,,,1
247288.1278,,1,,,12.0,247288.1278,1.0,,,1
84846.6597,,1,,,4.0,84846.6597,1.0,,,1
79045.17869,,1,,,3.0,79045.17869,5.0,,,1
208128.1311,,1,,,9.0,208128.1311,7.0,,,1
84846.6597,,1,,,4.0,84846.6597,1.0,,,1
247288.1278,,1,,,12.0,247288.1278,1.0,,,1
153014.0615,,1,,,7.0,153014.0615,3.0,,,1
68167.40181,,1,,,3.0,68167.40181,2.0,,,1
1131288.7959999999,,1,,,20.0,1131288.7959999999,200.0,,,1
298776.2718,,1,,,14.0,298776.2718,4.0,,,1
406828.8555,,1,,,17.0,406828.8555,17.0,,,1
226982.9443,,1,,,11.0,226982.9443,1.0,,,1
122556.2862,,1,,,3.0,122556.2862,17.0,,,1
105151.8432,,1,,,5.0,105151.8432,1.0,,,1
135609.6185,,1,,,4.0,135609.6185,15.0,,,1
365493.3033,,1,,,8.0,365493.3033,56.0,,,1
68167.40181,,1,,,3.0,68167.40181,2.0,,,1
152288.8764,,1,,,5.0,152288.8764,14.0,,,1
443088.1118,,1,,,12.0,443088.1118,55.0,,,1
258891.0898,,1,,,9.0,258891.0898,21.0,,,1
116029.6201,,1,,,5.0,116029.6201,4.0,,,1
86297.02995,,1,,,3.0,86297.02995,7.0,,,1
203051.8352,,1,,,5.0,203051.8352,28.0,,,1
184922.207,,1,,,5.0,184922.207,23.0,,,1
1155945.09,,1,,,38.0,1155945.09,106.0,,,1
194349.6137,,1,,,6.0,194349.6137,20.0,,,1
105151.8432,,1,,,5.0,105151.8432,1.0,,,1
210303.6864,,1,,,5.0,210303.6864,30.0,,,1
182021.4665,,1,,,7.0,182021.4665,11.0,,,1
591751.0625,,1,,,7.0,591751.0625,124.0,,,1
453240.7035,,1,,,15.0,453240.7035,41.0,,,1
292249.6056,,1,,,6.0,292249.6056,47.0,,,1
874573.2615,,1,,,7.0,874573.2615,202.0,,,1
229883.6848,,1,,,9.0,229883.6848,13.0,,,1
118930.3606,,1,,,3.0,118930.3606,16.0,,,1
689651.0545,,1,,,12.0,689651.0545,123.0,,,1
577247.36,,1,,,7.0,577247.36,120.0,,,1
633811.7998,,1,,,3.0,633811.7998,158.0,,,1
134159.2482,,1,,,5.0,134159.2482,9.0,,,1
125457.0267,,1,,,6.0,125457.0267,1.0,,,1
180571.0963,,1,,,3.0,180571.0963,33.0,,,1
68167.40181,,1,,,3.0,68167.40181,2.0,,,1
135609.6185,,1,,,4.0,135609.6185,15.0,,,1
68167.40181,,1,,,3.0,68167.40181,2.0,,,1
153014.0615,,1,,,7.0,153014.0615,3.0,,,1
191448.8732,,1,,,3.0,191448.8732,36.0,,,1
1121861.389,,1,,,29.0,1121861.389,147.0,,,1
84846.6597,,1,,,4.0,84846.6597,1.0,,,1
213929.6121,,1,,,5.0,213929.6121,31.0,,,1
591025.8774,,1,,,25.0,591025.8774,23.0,,,1
165342.2086,,1,,,6.0,165342.2086,12.0,,,1
99350.36221,,1,,,4.0,99350.36221,5.0,,,1
469919.9614,,1,,,16.0,469919.9614,40.0,,,1
681674.0181,,1,,,20.0,681674.0181,76.0,,,1
226982.9443,,1,,,11.0,226982.9443,1.0,,,1
254539.9791,,1,,,12.0,254539.9791,3.0,,,1
346638.49,,1,,,11.0,346638.49,34.0,,,1
1301707.3,,1,,,55.0,1301707.3,51.0,,,1
1249493.971,,1,,,41.0,1249493.971,115.0,,,1
3230699.735,,1,,,105.0,3230699.735,303.0,,,1
3095815.3010000004,,1,,,103.0,3095815.3010000004,277.0,,,1
550415.5103,,1,,,18.0,550415.5103,51.0,,,1
149388.1359,,1,,,7.0,149388.1359,2.0,,,1
4769542.571,,1,,,139.0,4769542.571,537.0,,,1
1046442.1359999999,,1,,,36.0,1046442.1359999999,87.0,,,1
777398.4547,,1,,,14.0,777398.4547,136.0,,,1
232059.2402,,1,,,10.0,232059.2402,8.0,,,1
174769.6153,,1,,,7.0,174769.6153,9.0,,,1
206677.7608,,1,,,10.0,206677.7608,1.0,,,1
3189364.182,,1,,,66.0,3189364.182,510.0,,,1
424233.2985,,1,,,20.0,424233.2985,5.0,,,1
79045.17869,,1,,,3.0,79045.17869,5.0,,,1
1829642.072,,1,,,41.0,1829642.072,275.0,,,1
1296631.005,,1,,,46.0,1296631.005,100.0,,,1
104426.6581,,1,,,3.0,104426.6581,12.0,,,1
1394530.997,,1,,,36.0,1394530.997,183.0,,,1
2806466.436,,1,,,95.0,2806466.436,242.0,,,1
1551170.9840000002,,1,,,48.0,1551170.9840000002,159.0,,,1
462668.1101,,1,,,16.0,462668.1101,38.0,,,1
1089953.244,,1,,,26.0,1089953.244,155.0,,,1
918809.5542,,1,,,19.0,918809.5542,147.0,,,1
375645.8951,,1,,,11.0,375645.8951,42.0,,,1
236410.35100000002,,1,,,7.0,236410.35100000002,26.0,,,1
1264722.8590000002,,1,,,48.0,1264722.8590000002,80.0,,,1
166067.3938,,1,,,8.0,166067.3938,1.0,,,1
100800.7325,,1,,,3.0,100800.7325,11.0,,,1
12993141.9,,1,,,124.0,12993141.9,2889.0,,,1
440187.3713,,1,,,19.0,440187.3713,15.0,,,1
326333.3065,,1,,,15.0,326333.3065,6.0,,,1
431485.1497,,1,,,10.0,431485.1497,63.0,,,1
3916724.863,,1,,,37.0,3916724.863,873.0,,,1
2084907.236,,1,,,60.0,2084907.236,239.0,,,1
206677.7608,,1,,,10.0,206677.7608,1.0,,,1
102976.2878,,1,,,4.0,102976.2878,6.0,,,1
102976.2878,,1,,,4.0,102976.2878,6.0,,,1
5040036.623,,1,,,225.0,5040036.623,130.0,,,1
819459.1919,,1,,,30.0,819459.1919,58.0,,,1
1520713.208,,1,,,49.0,1520713.208,145.0,,,1
588125.1369,,1,,,22.0,588125.1369,39.0,,,1
1360447.2959999999,,1,,,57.0,1360447.2959999999,56.0,,,1
1356821.37,,1,,,37.0,1356821.37,167.0,,,1
1368424.332,,1,,,44.0,1368424.332,131.0,,,1
2997190.124,,1,,,131.0,2997190.124,93.0,,,1
783199.9357,,1,,,10.0,783199.9357,160.0,,,1
292974.7908,,1,,,13.0,292974.7908,8.0,,,1
389424.4125,,1,,,19.0,389424.4125,1.0,,,1
1198731.013,,1,,,56.0,1198731.013,17.0,,,1
403928.115,,1,,,19.0,403928.115,5.0,,,1
168968.1343,,1,,,6.0,168968.1343,13.0,,,1
169693.3194,,1,,,8.0,169693.3194,2.0,,,1
277745.9031,,1,,,11.0,277745.9031,15.0,,,1
308928.8635,,1,,,12.0,308928.8635,18.0,,,1
362592.5628,,1,,,10.0,362592.5628,44.0,,,1
174044.4301,,1,,,5.0,174044.4301,20.0,,,1
79045.17869,,1,,,3.0,79045.17869,5.0,,,1
163166.6533,,1,,,5.0,163166.6533,17.0,,,1
1031938.434,,1,,,16.0,1031938.434,195.0,,,1
210303.6864,,1,,,5.0,210303.6864,30.0,,,1
190723.688,,1,,,6.0,190723.688,19.0,,,1
367668.8587,,1,,,9.0,367668.8587,51.0,,,1
367668.8587,,1,,,9.0,367668.8587,51.0,,,1
161716.283,,1,,,6.0,161716.283,11.0,,,1
1110258.4270000001,,1,,,47.0,1110258.4270000001,43.0,,,1
642514.0213,,1,,,17.0,642514.0213,82.0,,,1
1871702.8090000001,,1,,,82.0,1871702.8090000001,57.0,,,1
226982.9443,,1,,,11.0,226982.9443,1.0,,,1
116029.6201,,1,,,5.0,116029.6201,4.0,,,1
431485.1497,,1,,,5.0,431485.1497,91.0,,,1
738963.6429999999,,1,,,23.0,738963.6429999999,75.0,,,1
213204.4269,,1,,,8.0,213204.4269,14.0,,,1
532285.8822,,1,,,23.0,532285.8822,18.0,,,1
1025411.7679999999,,1,,,28.0,1025411.7679999999,126.0,,,1
1025411.7679999999,,1,,,28.0,1025411.7679999999,126.0,,,1
1498232.47,,1,,,62.0,1498232.47,66.0,,,1
265417.756,,1,,,7.0,265417.756,34.0,,,1
342287.3793,,1,,,4.0,342287.3793,72.0,,,1
308928.8635,,1,,,12.0,308928.8635,18.0,,,1
1735368.006,,1,,,46.0,1735368.006,221.0,,,1
312983373.6,,1,,,13402.0,312983373.6,11267.0,,,2
340837.00899999996,,1,,,10.0,340837.00899999996,38.0,,,1
383622.9315,,1,,,8.0,383622.9315,61.0,,,1
986251.7708,,1,,,35.0,986251.7708,76.0,,,1
100800.7325,,1,,,3.0,100800.7325,11.0,,,1
424233.2985,,1,,,15.0,424233.2985,33.0,,,1
383622.9315,,1,,,8.0,383622.9315,61.0,,,1
226982.9443,,1,,,11.0,226982.9443,1.0,,,1
394500.7083,,1,,,18.0,394500.7083,8.0,,,1
344462.9347,,1,,,5.0,344462.9347,67.0,,,1
751291.7901,,1,,,22.0,751291.7901,84.0,,,1
8473063.008,,1,,,353.0,8473063.008,360.0,,,1
717208.0892,,1,,,8.0,717208.0892,153.0,,,1
211754.0567,,1,,,9.0,211754.0567,8.0,,,1
160265.9128,,1,,,7.0,160265.9128,5.0,,,1
315455.5296,,1,,,10.0,315455.5296,31.0,,,1
160265.9128,,1,,,7.0,160265.9128,5.0,,,1
461217.7399,,1,,,12.0,461217.7399,60.0,,,1
99350.36221,,1,,,4.0,99350.36221,5.0,,,1
4767367.016,,1,,,113.0,4767367.016,682.0,,,1
96459774.3,,1,,,3673.0,96459774.3,6034.0,,,1
82671.10432,,1,,,3.0,82671.10432,6.0,,,1
75419.25306,,1,,,3.0,75419.25306,4.0,,,1
95724.43658,,1,,,4.0,95724.43658,4.0,,,1
75419.25306,,1,,,3.0,75419.25306,4.0,,,1
123281.4714,,1,,,5.0,123281.4714,6.0,,,1
75419.25306,,1,,,3.0,75419.25306,4.0,,,1
64541.47618,,1,,,3.0,64541.47618,1.0,,,1
677322.9073,,1,,,28.0,677322.9073,30.0,,,1
682399.2032,,1,,,32.0,682399.2032,9.0,,,1
64541.47618,,1,,,3.0,64541.47618,1.0,,,1
82671.10432,,1,,,3.0,82671.10432,6.0,,,1
240761.4617,,1,,,9.0,240761.4617,16.0,,,1
153014.0615,,1,,,7.0,153014.0615,3.0,,,1
471370.3317,,1,,,5.0,471370.3317,102.0,,,1
184197.0219,,1,,,8.0,184197.0219,6.0,,,1
424958.4836,,1,,,17.0,424958.4836,22.0,,,1
1000755.473,,1,,,40.0,1000755.473,52.0,,,1
620033.2824,,1,,,25.0,620033.2824,31.0,,,1
110228.1391,,1,,,4.0,110228.1391,8.0,,,1
223357.0187,,1,,,6.0,223357.0187,28.0,,,1
100800.7325,,1,,,3.0,100800.7325,11.0,,,1
221181.4633,,1,,,10.0,221181.4633,5.0,,,1
183471.8368,,1,,,6.0,183471.8368,17.0,,,1
156639.9871,,1,,,7.0,156639.9871,4.0,,,1
224807.3889,,1,,,10.0,224807.3889,6.0,,,1
518507.3648,,1,,,10.0,518507.3648,87.0,,,1
456141.44399999996,,1,,,18.0,456141.44399999996,25.0,,,1
108777.7688,,1,,,5.0,108777.7688,2.0,,,1
492400.7003,,1,,,18.0,492400.7003,35.0,,,1
327783.6768,,1,,,9.0,327783.6768,40.0,,,1
865145.8549,,1,,,11.0,865145.8549,177.0,,,1
108777.7688,,1,,,5.0,108777.7688,2.0,,,1
172594.0599,,1,,,6.0,172594.0599,14.0,,,1
75419.25306,,1,,,3.0,75419.25306,4.0,,,1
857168.8185,,1,,,39.0,857168.8185,18.0,,,1
1103731.761,,1,,,39.0,1103731.761,86.0,,,1
93548.8812,,1,,,3.0,93548.8812,9.0,,,1
113854.0647,,1,,,4.0,113854.0647,9.0,,,1
75419.25306,,1,,,3.0,75419.25306,4.0,,,1
254539.9791,,1,,,7.0,254539.9791,31.0,,,1
279921.4585,,1,,,12.0,279921.4585,10.0,,,1
484423.6639,,1,,,11.0,484423.6639,72.0,,,1
292974.7908,,1,,,13.0,292974.7908,8.0,,,1
201601.4649,,1,,,6.0,201601.4649,22.0,,,1
97174.80683,,1,,,3.0,97174.80683,10.0,,,1
226257.7592,,1,,,9.0,226257.7592,12.0,,,1
286448.1246,,1,,,10.0,286448.1246,23.0,,,1
99350.36221,,1,,,4.0,99350.36221,5.0,,,1
86297.02995,,1,,,3.0,86297.02995,7.0,,,1
173319.245,,1,,,8.0,173319.245,3.0,,,1
1103731.761,,1,,,39.0,1103731.761,86.0,,,1
2659979.0409999997,,1,,,81.0,2659979.0409999997,280.0,,,1
223357.0187,,1,,,6.0,223357.0187,28.0,,,1
1806436.148,,1,,,32.0,1806436.148,319.0,,,1
108052.5837,,1,,,3.0,108052.5837,13.0,,,1
2541773.865,,1,,,85.0,2541773.865,225.0,,,1
253814.794,,1,,,10.0,253814.794,14.0,,,1
119655.5457,,1,,,5.0,119655.5457,5.0,,,1
419882.1877,,1,,,8.0,419882.1877,71.0,,,1
44236.29266,,1,,,2.0,44236.29266,1.0,,,1
44236.29266,,1,,,2.0,44236.29266,1.0,,,1
51488.14392,,1,,,2.0,51488.14392,3.0,,,1
247288.1278,,1,,,2.0,247288.1278,57.0,,,1
91373.32583,,1,,,2.0,91373.32583,14.0,,,1
51488.14392,,1,,,2.0,51488.14392,3.0,,,1
58739.99518,,1,,,2.0,58739.99518,5.0,,,1
84121.47457,,1,,,2.0,84121.47457,12.0,,,1
51488.14392,,1,,,2.0,51488.14392,3.0,,,1
47862.21829,,1,,,2.0,47862.21829,2.0,,,1
51488.14392,,1,,,2.0,51488.14392,3.0,,,1
69617.77206,,1,,,2.0,69617.77206,8.0,,,1
73243.69769,,1,,,2.0,73243.69769,9.0,,,1
44236.29266,,1,,,2.0,44236.29266,1.0,,,1
51488.14392,,1,,,2.0,51488.14392,3.0,,,1
153014.0615,,1,,,2.0,153014.0615,31.0,,,1
44236.29266,,1,,,2.0,44236.29266,1.0,,,1
80495.54894,,1,,,2.0,80495.54894,11.0,,,1
55114.06955,,1,,,2.0,55114.06955,4.0,,,1
145762.2102,,1,,,2.0,145762.2102,29.0,,,1
55114.06955,,1,,,2.0,55114.06955,4.0,,,1
87747.4002,,1,,,2.0,87747.4002,13.0,,,1
69617.77206,,1,,,2.0,69617.77206,8.0,,,1
47862.21829,,1,,,2.0,47862.21829,2.0,,,1
153014.0615,,1,,,2.0,153014.0615,31.0,,,1
44236.29266,,1,,,2.0,44236.29266,1.0,,,1
44236.29266,,1,,,2.0,44236.29266,1.0,,,1
80495.54894,,1,,,2.0,80495.54894,11.0,,,1
51488.14392,,1,,,2.0,51488.14392,3.0,,,1
58739.99518,,1,,,2.0,58739.99518,5.0,,,1
47862.21829,,1,,,2.0,47862.21829,2.0,,,1
44236.29266,,1,,,2.0,44236.29266,1.0,,,1
44236.29266,,1,,,2.0,44236.29266,1.0,,,1
120380.7309,,1,,,2.0,120380.7309,22.0,,,1
80495.54894,,1,,,2.0,80495.54894,11.0,,,1
51488.14392,,1,,,2.0,51488.14392,3.0,,,1
58739.99518,,1,,,2.0,58739.99518,5.0,,,1
76869.62332,,1,,,2.0,76869.62332,10.0,,,1
182021.4665,,1,,,2.0,182021.4665,39.0,,,1
80495.54894,,1,,,2.0,80495.54894,11.0,,,1
55114.06955,,1,,,2.0,55114.06955,4.0,,,1
55114.06955,,1,,,2.0,55114.06955,4.0,,,1
80495.54894,,1,,,2.0,80495.54894,11.0,,,1
55114.06955,,1,,,2.0,55114.06955,4.0,,,1
65991.84642999999,,1,,,2.0,65991.84642999999,7.0,,,1
863695.4846,,1,,,2.0,863695.4846,227.0,,,1
91373.32583,,1,,,2.0,91373.32583,14.0,,,1
171143.6896,,1,,,2.0,171143.6896,36.0,,,1
109502.954,,1,,,2.0,109502.954,19.0,,,1
69617.77206,,1,,,2.0,69617.77206,8.0,,,1
138510.359,,1,,,2.0,138510.359,27.0,,,1
98625.17708,,1,,,2.0,98625.17708,16.0,,,1
127632.5821,,1,,,2.0,127632.5821,24.0,,,1
65991.84642999999,,1,,,2.0,65991.84642999999,7.0,,,1
23931.10915,,1,,,1.0,23931.10915,1.0,,,1
67442.21668,,1,,,1.0,67442.21668,13.0,,,1
23931.10915,,1,,,1.0,23931.10915,1.0,,,1
31182.9604,,1,,,1.0,31182.9604,3.0,,,1
23931.10915,,1,,,1.0,23931.10915,1.0,,,1
23931.10915,,1,,,1.0,23931.10915,1.0,,,1
23931.10915,,1,,,1.0,23931.10915,1.0,,,1
31182.9604,,1,,,1.0,31182.9604,3.0,,,1
23931.10915,,1,,,1.0,23931.10915,1.0,,,1
67442.21668,,1,,,1.0,67442.21668,13.0,,,1
31182.9604,,1,,,1.0,31182.9604,3.0,,,1
23931.10915,,1,,,1.0,23931.10915,1.0,,,1
27557.03477,,1,,,1.0,27557.03477,2.0,,,1
23931.10915,,1,,,1.0,23931.10915,1.0,,,1
23931.10915,,1,,,1.0,23931.10915,1.0,,,1
23931.10915,,1,,,1.0,23931.10915,1.0,,,1
34808.88603,,1,,,1.0,34808.88603,4.0,,,1
23931.10915,,1,,,1.0,23931.10915,1.0,,,1
60190.36543,,1,,,1.0,60190.36543,11.0,,,1
38434.81166,,1,,,1.0,38434.81166,5.0,,,1
212479.2418,,1,,,1.0,212479.2418,53.0,,,1
56564.4398,,1,,,1.0,56564.4398,10.0,,,1
45686.66291,,1,,,1.0,45686.66291,7.0,,,1
67442.21668,,1,,,1.0,67442.21668,13.0,,,1
143586.6549,,1,,,1.0,143586.6549,34.0,,,1
27557.03477,,1,,,1.0,27557.03477,2.0,,,1
49312.58854,,1,,,1.0,49312.58854,8.0,,,1
49312.58854,,1,,,1.0,49312.58854,8.0,,,1
27557.03477,,1,,,1.0,27557.03477,2.0,,,1
23931.10915,,1,,,1.0,23931.10915,1.0,,,1
23931.10915,,1,,,1.0,23931.10915,1.0,,,1
52938.51417,,1,,,1.0,52938.51417,9.0,,,1
31182.9604,,1,,,1.0,31182.9604,3.0,,,1
27557.03477,,1,,,1.0,27557.03477,2.0,,,1
23931.10915,,1,,,1.0,23931.10915,1.0,,,1
23931.10915,,1,,,1.0,23931.10915,1.0,,,1
96449.62171,,1,,,1.0,96449.62171,21.0,,,1
89197.77045,,1,,,1.0,89197.77045,19.0,,,1
45686.66291,,1,,,1.0,45686.66291,7.0,,,1
63816.29105,,1,,,1.0,63816.29105,12.0,,,1
42060.73729,,1,,,1.0,42060.73729,6.0,,,1
71068.14231,,1,,,1.0,71068.14231,14.0,,,1
397401.4488,,1,,,1.0,397401.4488,104.0,,,1
56564.4398,,1,,,1.0,56564.4398,10.0,,,1
23931.10915,,1,,,1.0,23931.10915,1.0,,,1
23931.10915,,1,,,1.0,23931.10915,1.0,,,1
27557.03477,,1,,,1.0,27557.03477,2.0,,,1
23931.10915,,1,,,1.0,23931.10915,1.0,,,1
23931.10915,,1,,,1.0,23931.10915,1.0,,,1
78319.99357,,1,,,1.0,78319.99357,16.0,,,1
31182.9604,,1,,,1.0,31182.9604,3.0,,,1
23931.10915,,1,,,1.0,23931.10915,1.0,,,1
491675.5152,,1,,,1.0,491675.5152,130.0,,,1
23931.10915,,1,,,1.0,23931.10915,1.0,,,1
52938.51417,,1,,,1.0,52938.51417,9.0,,,1
23931.10915,,1,,,1.0,23931.10915,1.0,,,1
60190.36543,,1,,,1.0,60190.36543,11.0,,,1
27557.03477,,1,,,1.0,27557.03477,2.0,,,1
23931.10915,,1,,,1.0,23931.10915,1.0,,,1
183471.8368,,1,,,1.0,183471.8368,45.0,,,1
85571.84482,,1,,,1.0,85571.84482,18.0,,,1
38434.81166,,1,,,1.0,38434.81166,5.0,,,1
31182.9604,,1,,,1.0,31182.9604,3.0,,,1
31182.9604,,1,,,1.0,31182.9604,3.0,,,1
27557.03477,,1,,,1.0,27557.03477,2.0,,,1
23931.10915,,1,,,1.0,23931.10915,1.0,,,1
23931.10915,,1,,,1.0,23931.10915,1.0,,,1
27557.03477,,1,,,1.0,27557.03477,2.0,,,1
23931.10915,,1,,,1.0,23931.10915,1.0,,,1
74694.06794,,1,,,1.0,74694.06794,15.0,,,1
23931.10915,,1,,,1.0,23931.10915,1.0,,,1
34808.88603,,1,,,1.0,34808.88603,4.0,,,1
38434.81166,,1,,,1.0,38434.81166,5.0,,,1
183471.8368,,1,,,1.0,183471.8368,45.0,,,1
1387279.145,,1,,,1.0,1387279.145,377.0,,,1
52938.51417,,1,,,1.0,52938.51417,9.0,,,1
38434.81166,,1,,,1.0,38434.81166,5.0,,,1
42060.73729,,1,,,1.0,42060.73729,6.0,,,1
71068.14231,,1,,,1.0,71068.14231,14.0,,,1
23931.10915,,1,,,1.0,23931.10915,1.0,,,1
71068.14231,,1,,,1.0,71068.14231,14.0,,,1
23931.10915,,1,,,1.0,23931.10915,1.0,,,1
27557.03477,,1,,,1.0,27557.03477,2.0,,,1
23931.10915,,1,,,1.0,23931.10915,1.0,,,1
31182.9604,,1,,,1.0,31182.9604,3.0,,,1
49312.58854,,1,,,1.0,49312.58854,8.0,,,1
60915.55055,,1,,,3.0,60915.55055,,,,1
121831.1011,,1,,,6.0,121831.1011,,,,1
182746.6517,,1,,,9.0,182746.6517,,,,1
324882.9363,,1,,,16.0,324882.9363,,,,1
406103.6703,,1,,,20.0,406103.6703,,,,1
60915.55055,,1,,,3.0,60915.55055,,,,1
101525.9176,,1,,,5.0,101525.9176,,,,1
162441.4681,,1,,,8.0,162441.4681,,,,1
60915.55055,,1,,,3.0,60915.55055,,,,1
81220.73407,,1,,,4.0,81220.73407,,,,1
60915.55055,,1,,,3.0,60915.55055,,,,1
121831.1011,,1,,,6.0,121831.1011,,,,1
60915.55055,,1,,,3.0,60915.55055,,,,1
101525.9176,,1,,,5.0,101525.9176,,,,1
101525.9176,,1,,,5.0,101525.9176,,,,1
121831.1011,,1,,,6.0,121831.1011,,,,1
81220.73407,,1,,,4.0,81220.73407,,,,1
101525.9176,,1,,,5.0,101525.9176,,,,1
60915.55055,,1,,,3.0,60915.55055,,,,1
203051.8352,,1,,,10.0,203051.8352,,,,1
60915.55055,,1,,,3.0,60915.55055,,,,1
20630066.45,,1,,,1016.0,20630066.45,,,,1
60915.55055,,1,,,3.0,60915.55055,,,,1
4771718.127,,1,,,235.0,4771718.127,,,,1
142136.2846,,1,,,7.0,142136.2846,,,,1
467019.2209,,1,,,23.0,467019.2209,,,,1
60915.55055,,1,,,3.0,60915.55055,,,,1
507629.5879,,1,,,25.0,507629.5879,,,,1
1401057.6630000002,,1,,,69.0,1401057.6630000002,,,,1
121831.1011,,1,,,6.0,121831.1011,,,,1
81220.73407,,1,,,4.0,81220.73407,,,,1
304577.7528,,1,,,15.0,304577.7528,,,,1
81220.73407,,1,,,4.0,81220.73407,,,,1
81220.73407,,1,,,4.0,81220.73407,,,,1
345188.1198,,1,,,17.0,345188.1198,,,,1
121831.1011,,1,,,6.0,121831.1011,,,,1
60915.55055,,1,,,3.0,60915.55055,,,,1
60915.55055,,1,,,3.0,60915.55055,,,,1
60915.55055,,1,,,3.0,60915.55055,,,,1
60915.55055,,1,,,3.0,60915.55055,,,,1
60915.55055,,1,,,3.0,60915.55055,,,,1
4182867.805,,1,,,206.0,4182867.805,,,,1
324882.9363,,1,,,16.0,324882.9363,,,,1
243662.2022,,1,,,12.0,243662.2022,,,,1
142136.2846,,1,,,7.0,142136.2846,,,,1
365493.3033,,1,,,18.0,365493.3033,,,,1
162441.4681,,1,,,8.0,162441.4681,,,,1
20421.21314,,1,,,1.0,20305.18352,,,,1
142136.2846,,1,,,7.0,142136.2846,,,,1
121831.1011,,1,,,6.0,121831.1011,,,,1
162441.4681,,1,,,8.0,162441.4681,,,,1
60915.55055,,1,,,3.0,60915.55055,,,,1
60915.55055,,1,,,3.0,60915.55055,,,,1
446714.0374,,1,,,22.0,446714.0374,,,,1
81220.73407,,1,,,4.0,81220.73407,,,,1
60915.55055,,1,,,3.0,60915.55055,,,,1
60915.55055,,1,,,3.0,60915.55055,,,,1
203051.8352,,1,,,10.0,203051.8352,,,,1
60915.55055,,1,,,3.0,60915.55055,,,,1
81220.73407,,1,,,4.0,81220.73407,,,,1
324882.9363,,1,,,16.0,324882.9363,,,,1
5847892.852999999,,1,,,288.0,5847892.852999999,,,,1
60915.55055,,1,,,3.0,60915.55055,,,,1
60915.55055,,1,,,3.0,60915.55055,,,,1
81220.73407,,1,,,4.0,81220.73407,,,,1
507629.5879,,1,,,25.0,507629.5879,,,,1
81220.73407,,1,,,4.0,81220.73407,,,,1
588850.322,,1,,,29.0,588850.322,,,,1
568545.1385,,1,,,28.0,568545.1385,,,,1
182746.6517,,1,,,9.0,182746.6517,,,,1
121831.1011,,1,,,6.0,121831.1011,,,,1
223357.0187,,1,,,11.0,223357.0187,,,,1
507629.5879,,1,,,25.0,507629.5879,,,,1
142136.2846,,1,,,7.0,142136.2846,,,,1
81220.73407,,1,,,4.0,81220.73407,,,,1
81220.73407,,1,,,4.0,81220.73407,,,,1
81220.73407,,1,,,4.0,81220.73407,,,,1
8568787.444,,1,,,422.0,8568787.444,,,,1
101525.9176,,1,,,5.0,101525.9176,,,,1
81220.73407,,1,,,4.0,81220.73407,,,,1
4446835.19,,1,,,219.0,4446835.19,,,,1
182746.6517,,1,,,9.0,182746.6517,,,,1
60915.55055,,1,,,3.0,60915.55055,,,,1
101525.9176,,1,,,5.0,101525.9176,,,,1
182746.6517,,1,,,9.0,182746.6517,,,,1
121831.1011,,1,,,6.0,121831.1011,,,,1
81220.73407,,1,,,4.0,81220.73407,,,,1
588850.322,,1,,,29.0,588850.322,,,,1
142136.2846,,1,,,7.0,142136.2846,,,,1
609155.5055,,1,,,30.0,609155.5055,,,,1
223357.0187,,1,,,11.0,223357.0187,,,,1
81220.73407,,1,,,4.0,81220.73407,,,,1
60915.55055,,1,,,3.0,60915.55055,,,,1
81220734.07,,1,,,4000.0,81220734.07,,,,1
40610.36703,,1,,,2.0,40610.36703,,,,1
40610.36703,,1,,,2.0,40610.36703,,,,1
40610.36703,,1,,,2.0,40610.36703,,,,1
40610.36703,,1,,,2.0,40610.36703,,,,1
40610.36703,,1,,,2.0,40610.36703,,,,1
40610.36703,,1,,,2.0,40610.36703,,,,1
40610.36703,,1,,,2.0,40610.36703,,,,1
40610.36703,,1,,,2.0,40610.36703,,,,1
40610.36703,,1,,,2.0,40610.36703,,,,1
40610.36703,,1,,,2.0,40610.36703,,,,1
40610.36703,,1,,,2.0,40610.36703,,,,1
40610.36703,,1,,,2.0,40610.36703,,,,1
40610.36703,,1,,,2.0,40610.36703,,,,1
40610.36703,,1,,,2.0,40610.36703,,,,1
40610.36703,,1,,,2.0,40610.36703,,,,1
40610.36703,,1,,,2.0,40610.36703,,,,1
40610.36703,,1,,,2.0,40610.36703,,,,1
40610.36703,,1,,,2.0,40610.36703,,,,1
40610.36703,,1,,,2.0,40610.36703,,,,1
40610.36703,,1,,,2.0,40610.36703,,,,1
40610.36703,,1,,,2.0,40610.36703,,,,1
40610.36703,,1,,,2.0,40610.36703,,,,1
40610.36703,,1,,,2.0,40610.36703,,,,1
40610.36703,,1,,,2.0,40610.36703,,,,1
40610.36703,,1,,,2.0,40610.36703,,,,1
40610.36703,,1,,,2.0,40610.36703,,,,1
40610.36703,,1,,,2.0,40610.36703,,,,1
40610.36703,,1,,,2.0,40610.36703,,,,1
40610.36703,,1,,,2.0,40610.36703,,,,1
40610.36703,,1,,,2.0,40610.36703,,,,1
40610.36703,,1,,,2.0,40610.36703,,,,1
40610.36703,,1,,,2.0,40610.36703,,,,1
40610.36703,,1,,,2.0,40610.36703,,,,1
40610.36703,,1,,,2.0,40610.36703,,,,1
40610.36703,,1,,,2.0,40610.36703,,,,1
40610.36703,,1,,,2.0,40610.36703,,,,1
40610.36703,,1,,,2.0,40610.36703,,,,1
40610.36703,,1,,,2.0,40610.36703,,,,1
40610.36703,,1,,,2.0,40610.36703,,,,1
40610.36703,,1,,,2.0,40610.36703,,,,1
20305.18352,,1,,,1.0,20305.18352,,,,1
20305.18352,,1,,,1.0,20305.18352,,,,1
20305.18352,,1,,,1.0,20305.18352,,,,1
20305.18352,,1,,,1.0,20305.18352,,,,1
20305.18352,,1,,,1.0,20305.18352,,,,1
20305.18352,,1,,,1.0,20305.18352,,,,1
20305.18352,,1,,,1.0,20305.18352,,,,1
20305.18352,,1,,,1.0,20305.18352,,,,1
20305.18352,,1,,,1.0,20305.18352,,,,1
20305.18352,,1,,,1.0,20305.18352,,,,1
20305.18352,,1,,,1.0,20305.18352,,,,1
20305.18352,,1,,,1.0,20305.18352,,,,1
20305.18352,,1,,,1.0,20305.18352,,,,1
20305.18352,,1,,,1.0,20305.18352,,,,1
20305.18352,,1,,,1.0,20305.18352,,,,1
20305.18352,,1,,,1.0,20305.18352,,,,1
20305.18352,,1,,,1.0,20305.18352,,,,1
20305.18352,,1,,,1.0,20305.18352,,,,1
20305.18352,,1,,,1.0,20305.18352,,,,1
20305.18352,,1,,,1.0,20305.18352,,,,1
20305.18352,,1,,,1.0,20305.18352,,,,1
20305.18352,,1,,,1.0,20305.18352,,,,1
20305.18352,,1,,,1.0,20305.18352,,,,1
20305.18352,,1,,,1.0,20305.18352,,,,1
20305.18352,,1,,,1.0,20305.18352,,,,1
20305.18352,,1,,,1.0,20305.18352,,,,1
20305.18352,,1,,,1.0,20305.18352,,,,1
20305.18352,,1,,,1.0,20305.18352,,,,1
20305.18352,,1,,,1.0,20305.18352,,,,1
20305.18352,,1,,,1.0,20305.18352,,,,1
20305.18352,,1,,,1.0,20305.18352,,,,1
20305.18352,,1,,,1.0,20305.18352,,,,1
20305.18352,,1,,,1.0,20305.18352,,,,1
20305.18352,,1,,,1.0,20305.18352,,,,1
20305.18352,,1,,,1.0,20305.18352,,,,1
20305.18352,,1,,,1.0,20305.18352,,,,1
20305.18352,,1,,,1.0,20305.18352,,,,1
20305.18352,,1,,,1.0,20305.18352,,,,1
20305.18352,,1,,,1.0,20305.18352,,,,1
20305.18352,,1,,,1.0,20305.18352,,,,1
20305.18352,,1,,,1.0,20305.18352,,,,1
20305.18352,,1,,,1.0,20305.18352,,,,1
20305.18352,,1,,,1.0,20305.18352,,,,1
20305.18352,,1,,,1.0,20305.18352,,,,1
20305.18352,,1,,,1.0,20305.18352,,,,1
20305.18352,,1,,,1.0,20305.18352,,,,1
20305.18352,,1,,,1.0,20305.18352,,,,1
20305.18352,,1,,,1.0,20305.18352,,,,1
20305.18352,,1,,,1.0,20305.18352,,,,1
20305.18352,,1,,,1.0,20305.18352,,,,1
20305.18352,,1,,,1.0,20305.18352,,,,1
20305.18352,,1,,,1.0,20305.18352,,,,1
20305.18352,,1,,,1.0,20305.18352,,,,1
20305.18352,,1,,,1.0,20305.18352,,,,1
20305.18352,,1,,,1.0,20305.18352,,,,1
20305.18352,,1,,,1.0,20305.18352,,,,1
20305.18352,,1,,,1.0,20305.18352,,,,1
20305.18352,,1,,,1.0,20305.18352,,,,1
20305.18352,,1,,,1.0,20305.18352,,,,1
20305.18352,,1,,,1.0,20305.18352,,,,1
20305.18352,,1,,,1.0,20305.18352,,,,1
20305.18352,,1,,,1.0,20305.18352,,,,1
20305.18352,,1,,,1.0,20305.18352,,,,1
20305.18352,,1,,,1.0,20305.18352,,,,1
20305.18352,,1,,,1.0,20305.18352,,,,1
20305.18352,,1,,,1.0,20305.18352,,,,1
20305.18352,,1,,,1.0,20305.18352,,,,1
20305.18352,,1,,,1.0,20305.18352,,,,1
20305.18352,,1,,,1.0,20305.18352,,,,1
20305.18352,,1,,,1.0,20305.18352,,,,1
20305.18352,,1,,,1.0,20305.18352,,,,1
20305.18352,,1,,,1.0,20305.18352,,,,1
20305.18352,,1,,,1.0,20305.18352,,,,1
20305.18352,,1,,,1.0,20305.18352,,,,1
20305.18352,,1,,,1.0,20305.18352,,,,1
20305.18352,,1,,,1.0,20305.18352,,,,1
20305.18352,,1,,,1.0,20305.18352,,,,1
20305.18352,,1,,,1.0,20305.18352,,,,1
20305.18352,,1,,,1.0,20305.18352,,,,1
20305.18352,,1,,,1.0,20305.18352,,,,1
20305.18352,,1,,,1.0,20305.18352,,,,1
20305.18352,,1,,,1.0,20305.18352,,,,1
20305.18352,,1,,,1.0,20305.18352,,,,1
20305.18352,,1,,,1.0,20305.18352,,,,1
20305.18352,,1,,,1.0,20305.18352,,,,1
20305.18352,,1,,,1.0,20305.18352,,,,1
20305.18352,,1,,,1.0,20305.18352,,,,1
20305.18352,,1,,,1.0,20305.18352,,,,1
20305.18352,,1,,,1.0,20305.18352,,,,1
20305.18352,,1,,,1.0,20305.18352,,,,1
20305.18352,,1,,,1.0,20305.18352,,,,1
20305.18352,,1,,,1.0,20305.18352,,,,1
20305.18352,,1,,,1.0,20305.18352,,,,1
20305.18352,,1,,,1.0,20305.18352,,,,1
20305.18352,,1,,,1.0,20305.18352,,,,1
20305.18352,,1,,,1.0,20305.18352,,,,1
20305.18352,,1,,,1.0,20305.18352,,,,1
20305.18352,,1,,,1.0,20305.18352,,,,1
20305.18352,,1,,,1.0,20305.18352,,,,1
20305.18352,,1,,,1.0,20305.18352,,,,1
20305.18352,,1,,,1.0,20305.18352,,,,1
20305.18352,,1,,,1.0,20305.18352,,,,1
20305.18352,,1,,,1.0,20305.18352,,,,1
20305.18352,,1,,,1.0,20305.18352,,,,1
20305.18352,,1,,,1.0,20305.18352,,,,1
20305.18352,,1,,,1.0,20305.18352,,,,1
20305.18352,,1,,,1.0,20305.18352,,,,1
20305.18352,,1,,,1.0,20305.18352,,,,1
20305.18352,,1,,,1.0,20305.18352,,,,1
20305.18352,,1,,,1.0,20305.18352,,,,1
20305.18352,,1,,,1.0,20305.18352,,,,1
20305.18352,,1,,,1.0,20305.18352,,,,1
20305.18352,,1,,,1.0,20305.18352,,,,1
20305.18352,,1,,,1.0,20305.18352,,,,1
20305.18352,,1,,,1.0,20305.18352,,,,1
20305.18352,,1,,,1.0,20305.18352,,,,1
20305.18352,,1,,,1.0,20305.18352,,,,1
20305.18352,,1,,,1.0,20305.18352,,,,1
20305.18352,,1,,,1.0,20305.18352,,,,1
20305.18352,,1,,,1.0,20305.18352,,,,1
20305.18352,,1,,,1.0,20305.18352,,,,1
20305.18352,,1,,,1.0,20305.18352,,,,1
20305.18352,,1,,,1.0,20305.18352,,,,1
20305.18352,,1,,,1.0,20305.18352,,,,1
20305.18352,,1,,,1.0,20305.18352,,,,1
20305.18352,,1,,,1.0,20305.18352,,,,1
20305.18352,,1,,,1.0,20305.18352,,,,1
20305.18352,,1,,,1.0,20305.18352,,,,1
20305.18352,,1,,,1.0,20305.18352,,,,1
20305.18352,,1,,,1.0,20305.18352,,,,1
20305.18352,,1,,,1.0,20305.18352,,,,1
20305.18352,,1,,,1.0,20305.18352,,,,1
20305.18352,,1,,,1.0,20305.18352,,,,1
20305.18352,,1,,,1.0,20305.18352,,,,1
20305.18352,,1,,,1.0,20305.18352,,,,1
20305.18352,,1,,,1.0,20305.18352,,,,1
20305.18352,,1,,,1.0,20305.18352,,,,1
20305.18352,,1,,,1.0,20305.18352,,,,1
20305.18352,,1,,,1.0,20305.18352,,,,1
20305.18352,,1,,,1.0,20305.18352,,,,1
20305.18352,,1,,,1.0,20305.18352,,,,1
20305.18352,,1,,,1.0,20305.18352,,,,1
20305.18352,,1,,,1.0,20305.18352,,,,1
20305.18352,,1,,,1.0,20305.18352,,,,1
20305.18352,,1,,,1.0,20305.18352,,,,1
20305.18352,,1,,,1.0,20305.18352,,,,1
20305.18352,,1,,,1.0,20305.18352,,,,1
20305.18352,,1,,,1.0,20305.18352,,,,1
20305.18352,,1,,,1.0,20305.18352,,,,1
20305.18352,,1,,,1.0,20305.18352,,,,1
20305.18352,,1,,,1.0,20305.18352,,,,1
20305.18352,,1,,,1.0,20305.18352,,,,1
7251.851256,,1,,,,7251.851256,2.0,,,1
7251.851256,,1,,,,7251.851256,2.0,,,1
7251.851256,,1,,,,7251.851256,2.0,,,1
7251.851256,,1,,,,7251.851256,2.0,,,1
7251.851256,,1,,,,7251.851256,2.0,,,1
7251.851256,,1,,,,7251.851256,2.0,,,1
7251.851256,,1,,,,7251.851256,2.0,,,1
7251.851256,,1,,,,7251.851256,2.0,,,1
7251.851256,,1,,,,7251.851256,2.0,,,1
7251.851256,,1,,,,7251.851256,2.0,,,1
7251.851256,,1,,,,7251.851256,2.0,,,1
7251.851256,,1,,,,7251.851256,2.0,,,1
7251.851256,,1,,,,7251.851256,2.0,,,1
7251.851256,,1,,,,7251.851256,2.0,,,1
7251.851256,,1,,,,7251.851256,2.0,,,1
7251.851256,,1,,,,7251.851256,2.0,,,1
7251.851256,,1,,,,7251.851256,2.0,,,1
7251.851256,,1,,,,7251.851256,2.0,,,1
7251.851256,,1,,,,7251.851256,2.0,,,1
7251.851256,,1,,,,7251.851256,2.0,,,1
7251.851256,,1,,,,7251.851256,2.0,,,1
7251.851256,,1,,,,7251.851256,2.0,,,1
7251.851256,,1,,,,7251.851256,2.0,,,1
7251.851256,,1,,,,7251.851256,2.0,,,1
7251.851256,,1,,,,7251.851256,2.0,,,1
7251.851256,,1,,,,7251.851256,2.0,,,1
7251.851256,,1,,,,7251.851256,2.0,,,1
7251.851256,,1,,,,7251.851256,2.0,,,1
7251.851256,,1,,,,7251.851256,2.0,,,1
7251.851256,,1,,,,7251.851256,2.0,,,1
7251.851256,,1,,,,7251.851256,2.0,,,1
7251.851256,,1,,,,7251.851256,2.0,,,1
7251.851256,,1,,,,7251.851256,2.0,,,1
7251.851256,,1,,,,7251.851256,2.0,,,1
7251.851256,,1,,,,7251.851256,2.0,,,1
7251.851256,,1,,,,7251.851256,2.0,,,1
7251.851256,,1,,,,7251.851256,2.0,,,1
7251.851256,,1,,,,7251.851256,2.0,,,1
7251.851256,,1,,,,7251.851256,2.0,,,1
7251.851256,,1,,,,7251.851256,2.0,,,1
7251.851256,,1,,,,7251.851256,2.0,,,1
7251.851256,,1,,,,7251.851256,2.0,,,1
7251.851256,,1,,,,7251.851256,2.0,,,1
7251.851256,,1,,,,7251.851256,2.0,,,1
7251.851256,,1,,,,7251.851256,2.0,,,1
7251.851256,,1,,,,7251.851256,2.0,,,1
7251.851256,,1,,,,7251.851256,2.0,,,1
7251.851256,,1,,,,7251.851256,2.0,,,1
26374983.02,,1,,,,26374983.02,7274.0,,,1
1812962.814,,1,,,,1812962.814,500.0,,,1
1925366.509,,1,,,,1925366.509,531.0,,,1
1812962.814,,1,,,,1812962.814,500.0,,,1
1812962.814,,1,,,,1812962.814,500.0,,,1
1269073.97,,1,,,,1269073.97,350.0,,,1
2001510.947,,1,,,,2001510.947,552.0,,,1
1000755.473,,1,,,,1000755.473,276.0,,,1
1812962.814,,1,,,,1812962.814,500.0,,,1
3625925.628,,1,,,,3625925.628,1000.0,,,1
1823840.591,,1,,,,1823840.591,503.0,,,1
2175555.377,,1,,,,2175555.377,600.0,,,1
5620184.723999999,,1,,,,5620184.723999999,1550.0,,,1
1812962.814,,1,,,,1812962.814,500.0,,,1
1910862.8059999999,,1,,,,1910862.8059999999,527.0,,,1
1812962.814,,1,,,,1812962.814,500.0,,,1
1932618.36,,1,,,,1932618.36,533.0,,,1
1062396.209,,1,,,,1062396.209,293.0,,,1
1762199.855,,1,,,,1762199.855,486.0,,,1
8774740.02,,1,,,,8774740.02,2420.0,,,1
1501133.21,,1,,,,1501133.21,414.0,,,1
5612932.872,,1,,,,5612932.872,1548.0,,,1
3625925.628,,1,,,,3625925.628,1000.0,,,1
2378607.212,,1,,,,2378607.212,656.0,,,1
1091403.614,,1,,,,1091403.614,301.0,,,1
1812962.814,,1,,,,1812962.814,500.0,,,1
8136577.109,,1,,,,8136577.109,2244.0,,,1
1812962.814,,1,,,,1812962.814,500.0,,,1
1812962.814,,1,,,,1812962.814,500.0,,,1
1453996.177,,1,,,,1453996.177,401.0,,,1
4470766.299,,1,,,,4470766.299,1233.0,,,1
1812962.814,,1,,,,1812962.814,500.0,,,1
1812962.814,,1,,,,1812962.814,500.0,,,1
1812962.814,,1,,,,1812962.814,500.0,,,1
1812962.814,,1,,,,1812962.814,500.0,,,1
1994259.095,,1,,,,1994259.095,550.0,,,1
348.0888603,,1,,,,,,,,1
3807221.909,,1,,,,3807221.909,1050.0,,,1
3031273.825,,1,,,,3031273.825,836.0,,,1
29007.40502,,1,,,,29007.40502,8.0,,,1
934.6830507999999,,1,,,,,,,,1
62439083.39,,1,,,,62439083.39,,,,1
380.8833432,,1,,,,,,,,1
3741.9552479999998,,1,,,,3625.925628,1.0,,,1
141411.0995,,1,,,,141411.0995,39.0,,,1
467.34152539999997,,1,,,,,,,,1
116.02962009999999,,1,,,,,,,,1
116.02962009999999,,1,,,,,,,,1
232.05924019999998,,1,,,,,,,,1
232.05924019999998,,1,,,,,,,,1
232.05924019999998,,1,,,,,,,,1
232.05924019999998,,1,,,,,,,,1
232.05924019999998,,1,,,,,,,,1
232.05924019999998,,1,,,,,,,,1
116.02962009999999,,1,,,,,,,,1
116.02962009999999,,1,,,,,,,,1
232.05924019999998,,1,,,,,,,,1
232.05924019999998,,1,,,,,,,,1
116.02962009999999,,1,,,,,,,,1
116.02962009999999,,1,,,,,,,,1
232.05924019999998,,1,,,,,,,,1
116.02962009999999,,1,,,,,,,,1
116.02962009999999,,1,,,,,,,,1
116.02962009999999,,1,,,,,,,,1
116.02962009999999,,1,,,,,,,,1
116.02962009999999,,1,,,,,,,,1
116.02962009999999,,1,,,,,,,,1
928.2369607999999,,1,,,,,,,,1
18129.62814,,1,,,,18129.62814,5.0,,,1
10877.77688,,1,,,,10877.77688,3.0,,,1
10877.77688,,1,,,,10877.77688,3.0,,,1
464.11848039999995,,1,,,,,,,,1
10877.77688,,1,,,,10877.77688,3.0,,,1
232.05924019999998,,1,,,,,,,,1
116.02962009999999,,1,,,,,,,,1
7817495.654,,1,,,,7817495.654,2156.0,,,1
116.02962009999999,,1,,,,,,,,1
65266.66131,,1,,,,65266.66131,18.0,,,1
232.05924019999998,,1,,,,,,,,1
18129.62814,,1,,,,18129.62814,5.0,,,1
21755.55377,,1,,,,21755.55377,6.0,,,1
32633.33065,,1,,,,32633.33065,9.0,,,1
25381.4794,,1,,,,25381.4794,7.0,,,1
10877.77688,,1,,,,10877.77688,3.0,,,1
18129.62814,,1,,,,18129.62814,5.0,,,1
32633.33065,,1,,,,32633.33065,9.0,,,1
32633.33065,,1,,,,32633.33065,9.0,,,1
21755.55377,,1,,,,21755.55377,6.0,,,1
14503.70251,,1,,,,14503.70251,4.0,,,1
29007.40502,,1,,,,29007.40502,8.0,,,1
10877.77688,,1,,,,10877.77688,3.0,,,1
21755.55377,,1,,,,21755.55377,6.0,,,1
14503.70251,,1,,,,14503.70251,4.0,,,1
32633.33065,,1,,,,32633.33065,9.0,,,1
583774.0261,,1,,,,583774.0261,161.0,,,1
29007.40502,,1,,,,29007.40502,8.0,,,1
61640.73568,,1,,,,61640.73568,17.0,,,1
36259.25628,,1,,,,36259.25628,10.0,,,1
10877.77688,,1,,,,10877.77688,3.0,,,1
10877.77688,,1,,,,10877.77688,3.0,,,1
54388.88442,,1,,,,54388.88442,15.0,,,1
10877.77688,,1,,,,10877.77688,3.0,,,1
10877.77688,,1,,,,10877.77688,3.0,,,1
10877.77688,,1,,,,10877.77688,3.0,,,1
32633.33065,,1,,,,32633.33065,9.0,,,1
36259.25628,,1,,,,36259.25628,10.0,,,1
21755.55377,,1,,,,21755.55377,6.0,,,1
68892.58692999999,,1,,,,68892.58692999999,19.0,,,1
14503.70251,,1,,,,14503.70251,4.0,,,1
21755.55377,,1,,,,21755.55377,6.0,,,1
18129.62814,,1,,,,18129.62814,5.0,,,1
21755.55377,,1,,,,21755.55377,6.0,,,1
10877.77688,,1,,,,10877.77688,3.0,,,1
25381.4794,,1,,,,25381.4794,7.0,,,1
14503.70251,,1,,,,14503.70251,4.0,,,1
25381.4794,,1,,,,25381.4794,7.0,,,1
18129.62814,,1,,,,18129.62814,5.0,,,1
105151.8432,,1,,,,105151.8432,29.0,,,1
10877.77688,,1,,,,10877.77688,3.0,,,1
79770.36382,,1,,,,79770.36382,22.0,,,1
18129.62814,,1,,,,18129.62814,5.0,,,1
852092.5226,,1,,,,852092.5226,235.0,,,1
21755.55377,,1,,,,21755.55377,6.0,,,1
228433.3146,,1,,,,228433.3146,63.0,,,1
14503.70251,,1,,,,14503.70251,4.0,,,1
14503.70251,,1,,,,14503.70251,4.0,,,1
61640.73568,,1,,,,61640.73568,17.0,,,1
32633.33065,,1,,,,32633.33065,9.0,,,1
126907.397,,1,,,,126907.397,35.0,,,1
21755.55377,,1,,,,21755.55377,6.0,,,1
79770.36382,,1,,,,79770.36382,22.0,,,1
145037.0251,,1,,,,145037.0251,40.0,,,1
134159.2482,,1,,,,134159.2482,37.0,,,1
58014.81005,,1,,,,58014.81005,16.0,,,1
43511.10754,,1,,,,43511.10754,12.0,,,1
87022.21507,,1,,,,87022.21507,24.0,,,1
29007.40502,,1,,,,29007.40502,8.0,,,1
97899.99196,,1,,,,97899.99196,27.0,,,1
108777.7688,,1,,,,108777.7688,30.0,,,1
18129.62814,,1,,,,18129.62814,5.0,,,1
39885.18191,,1,,,,39885.18191,11.0,,,1
18129.62814,,1,,,,18129.62814,5.0,,,1
123281.4714,,1,,,,123281.4714,34.0,,,1
14503.70251,,1,,,,14503.70251,4.0,,,1
10877.77688,,1,,,,10877.77688,3.0,,,1
21755.55377,,1,,,,21755.55377,6.0,,,1
29007.40502,,1,,,,29007.40502,8.0,,,1
108777.7688,,1,,,,108777.7688,30.0,,,1
36259.25628,,1,,,,36259.25628,10.0,,,1
14503.70251,,1,,,,14503.70251,4.0,,,1
14503.70251,,1,,,,14503.70251,4.0,,,1
21755.55377,,1,,,,21755.55377,6.0,,,1
68892.58692999999,,1,,,,68892.58692999999,19.0,,,1
261066.6452,,1,,,,261066.6452,72.0,,,1
10877.77688,,1,,,,10877.77688,3.0,,,1
29007.40502,,1,,,,29007.40502,8.0,,,1
18129.62814,,1,,,,18129.62814,5.0,,,1
18129.62814,,1,,,,18129.62814,5.0,,,1
76144.43819,,1,,,,76144.43819,21.0,,,1
949992.5146,,1,,,,949992.5146,262.0,,,1
10877.77688,,1,,,,10877.77688,3.0,,,1
268318.4965,,1,,,,268318.4965,74.0,,,1
29007.40502,,1,,,,29007.40502,8.0,,,1
2335096.1040000003,,1,,,,2335096.1040000003,644.0,,,1
39885.18191,,1,,,,39885.18191,11.0,,,1
953618.4402,,1,,,,953618.4402,263.0,,,1
18129.62814,,1,,,,18129.62814,5.0,,,1
32633.33065,,1,,,,32633.33065,9.0,,,1
32633.33065,,1,,,,32633.33065,9.0,,,1
90648.1407,,1,,,,90648.1407,25.0,,,1
10877.77688,,1,,,,10877.77688,3.0,,,1
10877.77688,,1,,,,10877.77688,3.0,,,1
68892.58692999999,,1,,,,68892.58692999999,19.0,,,1
18129.62814,,1,,,,18129.62814,5.0,,,1
32633.33065,,1,,,,32633.33065,9.0,,,1
18129.62814,,1,,,,18129.62814,5.0,,,1
768696.2332,,1,,,,768696.2332,212.0,,,1
14503.70251,,1,,,,14503.70251,4.0,,,1
25381.4794,,1,,,,25381.4794,7.0,,,1
47137.03317,,1,,,,47137.03317,13.0,,,1
18129.62814,,1,,,,18129.62814,5.0,,,1
794077.7126,,1,,,,794077.7126,219.0,,,1
83396.28945,,1,,,,83396.28945,23.0,,,1
21755.55377,,1,,,,21755.55377,6.0,,,1
242937.0171,,1,,,,242937.0171,67.0,,,1
36259.25628,,1,,,,36259.25628,10.0,,,1
10877.77688,,1,,,,10877.77688,3.0,,,1
87022.21507,,1,,,,87022.21507,24.0,,,1
25381.4794,,1,,,,25381.4794,7.0,,,1
39885.18191,,1,,,,39885.18191,11.0,,,1
50762.95879,,1,,,,50762.95879,14.0,,,1
10877.77688,,1,,,,10877.77688,3.0,,,1
47137.03317,,1,,,,47137.03317,13.0,,,1
14503.70251,,1,,,,14503.70251,4.0,,,1
794077.7126,,1,,,,794077.7126,219.0,,,1
18129.62814,,1,,,,18129.62814,5.0,,,1
18129.62814,,1,,,,18129.62814,5.0,,,1
3625.925628,,1,,,,3625.925628,1.0,,,1
3625.925628,,1,,,,3625.925628,1.0,,,1
3625.925628,,1,,,,3625.925628,1.0,,,1
3625.925628,,1,,,,3625.925628,1.0,,,1
3625.925628,,1,,,,3625.925628,1.0,,,1
3625.925628,,1,,,,3625.925628,1.0,,,1
3625.925628,,1,,,,3625.925628,1.0,,,1
3625.925628,,1,,,,3625.925628,1.0,,,1
3625.925628,,1,,,,3625.925628,1.0,,,1
3625.925628,,1,,,,3625.925628,1.0,,,1
3625.925628,,1,,,,3625.925628,1.0,,,1
3625.925628,,1,,,,3625.925628,1.0,,,1
3625.925628,,1,,,,3625.925628,1.0,,,1
3625.925628,,1,,,,3625.925628,1.0,,,1
3625.925628,,1,,,,3625.925628,1.0,,,1
3625.925628,,1,,,,3625.925628,1.0,,,1
3625.925628,,1,,,,3625.925628,1.0,,,1
3625.925628,,1,,,,3625.925628,1.0,,,1
3625.925628,,1,,,,3625.925628,1.0,,,1
3625.925628,,1,,,,3625.925628,1.0,,,1
3625.925628,,1,,,,3625.925628,1.0,,,1
3625.925628,,1,,,,3625.925628,1.0,,,1
3625.925628,,1,,,,3625.925628,1.0,,,1
3625.925628,,1,,,,3625.925628,1.0,,,1
3625.925628,,1,,,,3625.925628,1.0,,,1
3625.925628,,1,,,,3625.925628,1.0,,,1
3625.925628,,1,,,,3625.925628,1.0,,,1
3625.925628,,1,,,,3625.925628,1.0,,,1
3625.925628,,1,,,,3625.925628,1.0,,,1
3625.925628,,1,,,,3625.925628,1.0,,,1
3625.925628,,1,,,,3625.925628,1.0,,,1
3625.925628,,1,,,,3625.925628,1.0,,,1
3625.925628,,1,,,,3625.925628,1.0,,,1
3625.925628,,1,,,,3625.925628,1.0,,,1
3625.925628,,1,,,,3625.925628,1.0,,,1
3625.925628,,1,,,,3625.925628,1.0,,,1
3625.925628,,1,,,,3625.925628,1.0,,,1
3625.925628,,1,,,,3625.925628,1.0,,,1
3625.925628,,1,,,,3625.925628,1.0,,,1
3625.925628,,1,,,,3625.925628,1.0,,,1
3625.925628,,1,,,,3625.925628,1.0,,,1
3625.925628,,1,,,,3625.925628,1.0,,,1
3625.925628,,1,,,,3625.925628,1.0,,,1
3625.925628,,1,,,,3625.925628,1.0,,,1
3625.925628,,1,,,,3625.925628,1.0,,,1
3625.925628,,1,,,,3625.925628,1.0,,,1
3625.925628,,1,,,,3625.925628,1.0,,,1
3625.925628,,1,,,,3625.925628,1.0,,,1
3625.925628,,1,,,,3625.925628,1.0,,,1
3625.925628,,1,,,,3625.925628,1.0,,,1
3625.925628,,1,,,,3625.925628,1.0,,,1
3625.925628,,1,,,,3625.925628,1.0,,,1
3625.925628,,1,,,,3625.925628,1.0,,,1
3625.925628,,1,,,,3625.925628,1.0,,,1
3625.925628,,1,,,,3625.925628,1.0,,,1
3625.925628,,1,,,,3625.925628,1.0,,,1
3625.925628,,1,,,,3625.925628,1.0,,,1
3625.925628,,1,,,,3625.925628,1.0,,,1
3625.925628,,1,,,,3625.925628,1.0,,,1
3625.925628,,1,,,,3625.925628,1.0,,,1
3625.925628,,1,,,,3625.925628,1.0,,,1
3625.925628,,1,,,,3625.925628,1.0,,,1
3625.925628,,1,,,,3625.925628,1.0,,,1
3625.925628,,1,,,,3625.925628,1.0,,,1
3625.925628,,1,,,,3625.925628,1.0,,,1
3625.925628,,1,,,,3625.925628,1.0,,,1
3625.925628,,1,,,,3625.925628,1.0,,,1
3625.925628,,1,,,,3625.925628,1.0,,,1
3625.925628,,1,,,,3625.925628,1.0,,,1
3625.925628,,1,,,,3625.925628,1.0,,,1
3625.925628,,1,,,,3625.925628,1.0,,,1
3625.925628,,1,,,,3625.925628,1.0,,,1
3625.925628,,1,,,,3625.925628,1.0,,,1
3625.925628,,1,,,,3625.925628,1.0,,,1
3625.925628,,1,,,,3625.925628,1.0,,,1
3625.925628,,1,,,,3625.925628,1.0,,,1
3625.925628,,1,,,,3625.925628,1.0,,,1
3625.925628,,1,,,,3625.925628,1.0,,,1
3625.925628,,1,,,,3625.925628,1.0,,,1
3625.925628,,1,,,,3625.925628,1.0,,,1
3625.925628,,1,,,,3625.925628,1.0,,,1
3625.925628,,1,,,,3625.925628,1.0,,,1
3625.925628,,1,,,,3625.925628,1.0,,,1
3625.925628,,1,,,,3625.925628,1.0,,,1
3625.925628,,1,,,,3625.925628,1.0,,,1
3625.925628,,1,,,,3625.925628,1.0,,,1
3625.925628,,1,,,,3625.925628,1.0,,,1
3625.925628,,1,,,,3625.925628,1.0,,,1
3625.925628,,1,,,,3625.925628,1.0,,,1
3625.925628,,1,,,,3625.925628,1.0,,,1
3625.925628,,1,,,,3625.925628,1.0,,,1
3625.925628,,1,,,,3625.925628,1.0,,,1
3625.925628,,1,,,,3625.925628,1.0,,,1
3625.925628,,1,,,,3625.925628,1.0,,,1
3625.925628,,1,,,,3625.925628,1.0,,,1
3625.925628,,1,,,,3625.925628,1.0,,,1
3625.925628,,1,,,,3625.925628,1.0,,,1
3625.925628,,1,,,,3625.925628,1.0,,,1
3625.925628,,1,,,,3625.925628,1.0,,,1
3625.925628,,1,,,,3625.925628,1.0,,,1
3625.925628,,1,,,,3625.925628,1.0,,,1
3625.925628,,1,,,,3625.925628,1.0,,,1
3625.925628,,1,,,,3625.925628,1.0,,,1
3625.925628,,1,,,,3625.925628,1.0,,,1
3625.925628,,1,,,,3625.925628,1.0,,,1
3625.925628,,1,,,,3625.925628,1.0,,,1
3625.925628,,1,,,,3625.925628,1.0,,,1
3625.925628,,1,,,,3625.925628,1.0,,,1
3625.925628,,1,,,,3625.925628,1.0,,,1
3625.925628,,1,,,,3625.925628,1.0,,,1
3625.925628,,1,,,,3625.925628,1.0,,,1
3625.925628,,1,,,,3625.925628,1.0,,,1
3625.925628,,1,,,,3625.925628,1.0,,,1
3625.925628,,1,,,,3625.925628,1.0,,,1
3625.925628,,1,,,,3625.925628,1.0,,,1
3625.925628,,1,,,,3625.925628,1.0,,,1
3625.925628,,1,,,,3625.925628,1.0,,,1
3625.925628,,1,,,,3625.925628,1.0,,,1
3625.925628,,1,,,,3625.925628,1.0,,,1
3625.925628,,1,,,,3625.925628,1.0,,,1
